source,target,value
0,618,1
1,59,1
1,844,1
1,826,1
1,980,1
1,109,1
1,857,1
1,731,1
1,981,1
2,197,1
2,210,1
2,250,1
2,69,1
2,218,1
2,73,1
2,914,1
2,823,1
2,51,1
2,41,1
2,176,1
3,136,1
3,34,1
3,42,1
3,385,1
3,719,1
3,953,1
4,798,1
4,583,1
4,970,1
4,36,1
4,130,1
4,630,1
4,65,1
4,137,1
4,999,1
4,39,1
4,147,1
4,97,1
4,672,1
4,129,1
5,654,1
5,81,1
5,136,1
5,34,1
5,126,1
5,96,1
5,10,1
5,830,1
5,240,1
5,221,1
5,13,1
5,94,1
5,1000,1
5,507,1
5,131,1
5,57,1
5,52,1
5,82,1
5,6,1
6,654,1
6,202,1
6,822,1
6,139,1
6,244,1
6,239,1
6,67,1
6,5,1
6,221,1
6,13,1
6,247,1
6,94,1
6,57,1
6,52,1
6,30,1
6,973,1
7,620,1
7,312,1
7,96,1
7,120,1
7,169,1
7,182,1
7,64,1
7,625,1
7,173,1
7,77,1
7,66,1
8,81,1
8,191,1
8,80,1
8,250,1
8,944,1
8,222,1
8,56,1
8,138,1
8,165,1
8,14,1
8,983,1
8,113,1
8,107,1
8,9,1
8,196,1
8,174,1
8,119,1
8,914,1
8,51,1
8,164,1
8,141,1
8,128,1
9,121,1
9,191,1
9,138,1
9,372,1
9,8,1
9,71,1
9,14,1
9,141,1
9,164,1
9,91,1
9,128,1
10,81,1
10,46,1
10,136,1
10,134,1
10,105,1
10,34,1
10,126,1
10,96,1
10,87,1
10,103,1
10,5,1
10,82,1
10,19,1
10,821,1
10,184,1
10,545,1
10,993,1
10,830,1
10,167,1
10,240,1
10,29,1
10,94,1
10,131,1
10,57,1
10,882,1
11,578,1
11,447,1
11,519,1
11,135,1
11,719,1
12,516,1
12,531,1
12,890,1
12,261,1
12,697,1
12,359,1
12,797,1
12,581,1
12,321,1
13,168,1
13,955,1
13,190,1
13,993,1
13,34,1
13,197,1
13,172,1
13,120,1
13,165,1
13,132,1
13,5,1
13,221,1
13,113,1
13,94,1
13,174,1
13,131,1
13,52,1
13,95,1
13,6,1
14,121,1
14,81,1
14,114,1
14,197,1
14,250,1
14,138,1
14,40,1
14,8,1
14,71,1
14,165,1
14,113,1
14,107,1
14,9,1
14,196,1
14,174,1
14,177,1
14,20,1
14,128,1
14,152,1
15,654,1
15,964,1
15,781,1
15,322,1
15,840,1
15,429,1
15,700,1
15,778,1
15,891,1
15,739,1
16,266,1
16,993,1
16,22,1
16,987,1
16,147,1
16,62,1
16,107,1
16,914,1
16,99,1
16,35,1
16,918,1
16,88,1
16,77,1
17,350,1
17,479,1
18,786,1
19,184,1
19,175,1
19,10,1
19,62,1
19,626,1
19,684,1
19,823,1
19,692,1
20,168,1
20,222,1
20,246,1
20,203,1
20,251,1
20,14,1
20,113,1
20,179,1
20,25,1
20,93,1
20,177,1
20,152,1
21,620,1
21,952,1
21,948,1
21,60,1
21,781,1
22,56,1
22,167,1
22,16,1
22,182,1
22,64,1
22,35,1
22,99,1
22,91,1
22,622,1
22,77,1
22,554,1
23,443,1
23,378,1
24,624,1
24,545,1
24,139,1
24,86,1
24,104,1
24,626,1
24,642,1
24,684,1
24,41,1
24,176,1
24,220,1
25,234,1
25,166,1
25,87,1
25,203,1
25,86,1
25,172,1
25,112,1
25,39,1
25,1000,1
25,93,1
25,20,1
25,68,1
25,66,1
25,98,1
26,534,1
26,865,1
26,173,1
27,677,1
27,199,1
27,606,1
27,729,1
28,703,1
28,840,1
28,38,1
28,587,1
28,263,1
29,184,1
29,46,1
29,955,1
29,190,1
29,175,1
29,34,1
29,210,1
29,944,1
29,10,1
29,137,1
29,132,1
29,39,1
29,70,1
29,94,1
29,1000,1
29,57,1
29,243,1
29,953,1
29,74,1
29,88,1
29,576,1
29,958,1
29,152,1
30,654,1
30,202,1
30,503,1
30,139,1
30,239,1
30,244,1
30,120,1
30,411,1
30,94,1
30,6,1
30,956,1
31,640,1
31,252,1
31,469,1
31,421,1
31,362,1
32,481,1
32,477,1
32,582,1
32,155,1
32,149,1
32,613,1
33,937,1
33,166,1
33,569,1
33,557,1
33,607,1
33,700,1
34,136,1
34,190,1
34,385,1
34,10,1
34,239,1
34,244,1
34,39,1
34,5,1
34,13,1
34,29,1
34,3,1
34,94,1
34,57,1
34,363,1
34,953,1
34,75,1
34,176,1
34,88,1
34,737,1
34,115,1
35,202,1
35,22,1
35,181,1
35,227,1
35,16,1
35,878,1
35,182,1
35,64,1
35,93,1
35,99,1
35,77,1
36,798,1
36,184,1
36,993,1
36,630,1
36,87,1
36,39,1
36,243,1
36,82,1
36,4,1
37,945,1
37,126,1
37,944,1
37,368,1
37,746,1
37,610,1
37,106,1
37,675,1
37,576,1
37,835,1
38,59,1
38,840,1
38,28,1
38,49,1
39,798,1
39,36,1
39,955,1
39,993,1
39,175,1
39,34,1
39,166,1
39,630,1
39,87,1
39,132,1
39,29,1
39,25,1
39,93,1
39,243,1
39,82,1
39,88,1
39,129,1
39,4,1
39,152,1
39,958,1
39,249,1
40,197,1
40,138,1
40,999,1
40,14,1
40,107,1
40,196,1
40,845,1
40,164,1
41,624,1
41,654,1
41,822,1
41,210,1
41,357,1
41,24,1
41,394,1
41,495,1
41,104,1
41,674,1
41,642,1
41,157,1
41,281,1
41,323,1
41,939,1
41,176,1
41,355,1
41,217,1
41,2,1
41,220,1
41,462,1
42,369,1
42,775,1
42,3,1
43,89,1
915,795,1
915,332,1
915,977,1
915,61,1
915,929,1
915,715,1
915,630,1
915,994,1
915,123,1
915,940,1
915,812,1
915,106,1
915,333,1
915,476,1
915,679,1
915,596,1
915,606,1
915,835,1
915,249,1
45,59,1
45,361,1
45,372,1
45,132,1
45,485,1
46,184,1
46,545,1
46,903,1
46,10,1
46,69,1
46,133,1
46,393,1
46,996,1
46,307,1
46,626,1
46,29,1
46,342,1
46,570,1
46,622,1
46,162,1
46,409,1
46,464,1
47,798,1
47,199,1
47,105,1
47,133,1
47,684,1
47,692,1
48,798,1
48,358,1
48,175,1
48,137,1
48,537,1
48,70,1
48,874,1
48,934,1
48,576,1
48,152,1
49,38,1
49,931,1
49,765,1
50,418,1
50,971,1
50,139,1
50,244,1
50,67,1
50,247,1
50,810,1
50,769,1
51,197,1
51,56,1
51,8,1
51,137,1
51,983,1
51,107,1
51,196,1
51,914,1
51,64,1
51,164,1
51,128,1
51,223,1
51,2,1
52,81,1
52,168,1
52,955,1
52,993,1
52,588,1
52,181,1
52,172,1
52,132,1
52,165,1
52,167,1
52,5,1
52,13,1
52,247,1
52,174,1
52,131,1
52,82,1
52,95,1
52,217,1
52,6,1
52,54,1
52,838,1
53,677,1
53,964,1
53,710,1
53,547,1
53,520,1
53,306,1
54,660,1
54,319,1
54,84,1
54,232,1
54,120,1
54,725,1
54,135,1
54,149,1
54,52,1
54,838,1
55,361,1
55,800,1
55,234,1
55,983,1
55,889,1
55,958,1
56,121,1
56,191,1
56,651,1
56,250,1
56,105,1
56,944,1
56,22,1
56,181,1
56,69,1
56,8,1
56,70,1
56,240,1
56,107,1
56,111,1
56,782,1
56,196,1
56,914,1
56,64,1
56,51,1
56,164,1
56,128,1
56,223,1
57,654,1
57,955,1
57,34,1
57,10,1
57,239,1
57,5,1
57,179,1
57,29,1
57,94,1
57,507,1
57,6,1
58,477,1
58,666,1
58,442,1
58,299,1
58,797,1
58,508,1
58,305,1
58,487,1
59,361,1
59,844,1
59,980,1
59,972,1
59,905,1
59,809,1
59,45,1
59,627,1
59,38,1
59,745,1
59,1,1
59,932,1
60,21,1
60,952,1
60,948,1
60,779,1
61,402,1
61,929,1
61,210,1
61,829,1
61,630,1
61,915,1
61,231,1
61,152,1
61,249,1
62,433,1
62,434,1
62,147,1
62,16,1
62,879,1
62,91,1
62,622,1
62,19,1
63,950,1
63,222,1
63,820,1
63,232,1
63,112,1
63,76,1
63,108,1
63,95,1
64,207,1
64,22,1
64,7,1
64,56,1
64,131,1
64,164,1
64,51,1
64,35,1
64,77,1
65,798,1
65,970,1
65,837,1
65,105,1
65,130,1
65,86,1
65,137,1
65,97,1
65,74,1
65,129,1
65,4,1
66,96,1
66,7,1
66,203,1
66,169,1
66,112,1
66,25,1
66,1000,1
66,98,1
66,156,1
67,654,1
67,136,1
67,819,1
67,139,1
67,244,1
67,50,1
67,247,1
67,6,1
67,1004,1
67,769,1
67,973,1
68,1001,1
68,114,1
68,168,1
68,165,1
68,113,1
68,25,1
68,177,1
69,46,1
69,903,1
69,56,1
69,689,1
69,747,1
69,393,1
69,307,1
69,626,1
69,914,1
69,177,1
69,162,1
69,464,1
69,184,1
69,545,1
69,168,1
69,197,1
69,250,1
69,372,1
69,218,1
69,412,1
69,135,1
69,176,1
69,622,1
69,2,1
69,152,1
70,945,1
70,651,1
70,202,1
70,250,1
70,126,1
70,944,1
70,56,1
70,181,1
70,746,1
70,29,1
70,106,1
70,48,1
70,675,1
70,576,1
70,263,1
70,835,1
71,81,1
71,191,1
71,292,1
71,197,1
71,443,1
71,138,1
71,399,1
71,232,1
71,430,1
71,579,1
71,145,1
71,165,1
71,14,1
71,983,1
71,113,1
71,9,1
71,845,1
71,540,1
71,174,1
71,141,1
71,91,1
71,128,1
71,320,1
72,283,1
72,432,1
72,390,1
72,272,1
72,730,1
72,400,1
73,767,1
73,993,1
73,197,1
73,144,1
73,212,1
73,206,1
73,2,1
73,969,1
74,798,1
74,199,1
74,210,1
74,130,1
74,396,1
74,137,1
74,65,1
74,416,1
74,29,1
74,274,1
74,231,1
74,243,1
75,34,1
75,960,1
75,697,1
75,704,1
75,987,1
75,483,1
75,227,1
75,388,1
75,297,1
75,953,1
75,88,1
75,685,1
75,115,1
76,121,1
76,950,1
76,180,1
76,222,1
76,232,1
76,169,1
76,112,1
76,146,1
76,135,1
76,119,1
76,63,1
76,156,1
77,620,1
77,312,1
77,22,1
77,7,1
77,916,1
77,16,1
77,182,1
77,64,1
77,35,1
77,108,1
77,625,1
77,91,1
77,173,1
77,683,1
78,417,1
78,948,1
78,1009,1
78,450,1
78,273,1
78,493,1
78,484,1
78,258,1
79,390,1
79,436,1
79,460,1
79,116,1
79,550,1
79,986,1
79,488,1
80,868,1
80,191,1
80,197,1
80,250,1
80,222,1
80,8,1
80,146,1
80,135,1
80,119,1
80,914,1
81,583,1
81,184,1
81,993,1
81,202,1
81,250,1
81,96,1
81,10,1
81,103,1
81,8,1
81,165,1
81,830,1
81,71,1
81,5,1
81,167,1
81,14,1
81,240,1
81,113,1
81,174,1
81,131,1
81,52,1
81,82,1
81,128,1
81,821,1
82,81,1
82,36,1
82,87,1
82,10,1
82,667,1
82,181,1
82,172,1
82,39,1
82,132,1
82,5,1
82,247,1
82,52,1
82,899,1
82,217,1
82,184,1
82,545,1
82,993,1
82,588,1
82,830,1
82,104,1
82,167,1
82,240,1
82,131,1
82,95,1
82,622,1
83,710,1
83,104,1
83,537,1
83,895,1
83,220,1
84,158,1
84,955,1
84,640,1
84,232,1
84,362,1
84,144,1
84,645,1
84,226,1
84,54,1
84,98,1
85,104,1
86,130,1
86,24,1
86,65,1
86,626,1
86,25,1
86,684,1
86,1000,1
86,243,1
86,692,1
86,129,1
86,220,1
86,555,1
87,121,1
87,36,1
87,166,1
87,543,1
87,10,1
87,39,1
87,304,1
87,557,1
87,25,1
87,119,1
87,93,1
87,82,1
87,738,1
87,590,1
87,152,1
88,440,1
88,955,1
88,175,1
88,34,1
88,697,1
88,458,1
88,987,1
88,137,1
88,132,1
88,39,1
88,16,1
88,29,1
88,388,1
88,243,1
88,953,1
88,75,1
88,335,1
88,685,1
88,958,1
88,152,1
89,283,1
89,452,1
89,573,1
89,157,1
89,43,1
89,730,1
89,355,1
89,559,1
90,314,1
90,985,1
90,447,1
90,411,1
90,349,1
90,484,1
90,705,1
90,492,1
90,462,1
91,433,1
91,985,1
91,191,1
91,22,1
91,385,1
91,399,1
91,71,1
91,62,1
91,9,1
91,544,1
91,701,1
91,146,1
91,141,1
91,879,1
91,128,1
91,622,1
91,77,1
92,720,1
92,308,1
92,941,1
92,569,1
92,543,1
92,538,1
92,117,1
92,483,1
92,557,1
92,151,1
92,975,1
92,693,1
92,738,1
92,694,1
92,613,1
93,868,1
93,166,1
93,87,1
93,181,1
93,251,1
93,39,1
93,565,1
93,557,1
93,25,1
93,182,1
93,544,1
93,20,1
93,99,1
93,554,1
93,202,1
93,234,1
93,630,1
93,246,1
93,203,1
93,165,1
93,403,1
93,35,1
93,152,1
94,654,1
94,703,1
94,190,1
94,34,1
94,10,1
94,239,1
94,120,1
94,137,1
94,5,1
94,221,1
94,626,1
94,29,1
94,13,1
94,57,1
94,6,1
94,30,1
95,168,1
95,993,1
95,190,1
95,172,1
95,132,1
95,165,1
95,13,1
95,174,1
95,52,1
95,63,1
95,82,1
96,81,1
96,7,1
96,10,1
96,203,1
96,430,1
96,145,1
96,5,1
96,167,1
96,1000,1
96,540,1
96,173,1
96,821,1
96,66,1
96,882,1
97,970,1
97,105,1
97,130,1
97,203,1
97,65,1
97,434,1
97,167,1
97,147,1
97,4,1
98,166,1
98,84,1
98,169,1
98,112,1
98,25,1
98,1000,1
98,66,1
98,156,1
99,266,1
99,22,1
99,181,1
99,246,1
99,987,1
99,167,1
99,16,1
99,182,1
99,93,1
99,35,1
99,554,1
100,481,1
100,936,1
100,438,1
100,281,1
100,260,1
100,309,1
101,488,1
102,314,1
102,950,1
102,696,1
102,246,1
102,770,1
102,439,1
102,170,1
102,905,1
102,682,1
102,772,1
102,532,1
103,81,1
103,974,1
103,10,1
103,532,1
103,821,1
104,210,1
104,357,1
104,394,1
104,157,1
104,85,1
104,281,1
104,899,1
104,82,1
104,217,1
104,462,1
104,624,1
104,83,1
104,24,1
104,447,1
104,463,1
104,495,1
104,710,1
104,895,1
104,41,1
104,323,1
104,355,1
104,220,1
105,703,1
105,644,1
105,181,1
105,56,1
105,10,1
105,133,1
105,251,1
105,111,1
105,182,1
105,576,1
105,554,1
105,250,1
105,696,1
105,246,1
105,65,1
105,47,1
105,167,1
105,240,1
105,97,1
105,106,1
105,782,1
105,671,1
105,223,1
105,649,1
105,401,1
106,795,1
106,551,1
106,105,1
106,126,1
106,944,1
106,597,1
106,915,1
106,70,1
106,212,1
106,208,1
106,544,1
106,675,1
106,518,1
106,576,1
106,835,1
106,945,1
106,202,1
106,849,1
106,530,1
106,284,1
106,746,1
106,610,1
106,782,1
106,671,1
106,895,1
106,37,1
106,263,1
107,993,1
107,197,1
107,56,1
107,40,1
107,8,1
107,14,1
107,16,1
107,196,1
107,914,1
107,164,1
107,51,1
108,184,1
108,366,1
108,393,1
108,63,1
108,77,1
108,555,1
108,162,1
108,464,1
109,418,1
109,345,1
109,826,1
109,120,1
109,1,1
109,981,1
109,888,1
109,497,1
110,287,1
110,266,1
110,503,1
110,411,1
110,434,1
110,1009,1
110,1002,1
110,631,1
110,462,1
110,479,1
110,328,1
111,202,1
111,105,1
111,126,1
111,441,1
111,181,1
111,56,1
111,246,1
111,165,1
111,240,1
111,1009,1
111,669,1
111,1002,1
111,131,1
111,682,1
111,492,1
111,918,1
111,934,1
111,576,1
112,203,1
112,232,1
112,169,1
112,25,1
112,76,1
112,119,1
112,63,1
112,66,1
112,98,1
112,156,1
113,81,1
113,114,1
113,168,1
113,250,1
113,246,1
113,138,1
113,203,1
113,8,1
113,251,1
113,165,1
113,71,1
113,14,1
113,13,1
113,174,1
113,20,1
113,177,1
113,131,1
113,68,1
113,128,1
113,576,1
113,152,1
114,651,1
114,246,1
114,165,1
114,14,1
114,113,1
114,174,1
114,177,1
114,68,1
115,190,1
115,34,1
115,227,1
115,953,1
115,75,1
116,439,1
116,550,1
116,79,1
116,659,1
116,587,1
117,720,1
117,417,1
117,405,1
117,308,1
117,941,1
117,569,1
117,543,1
117,538,1
117,92,1
117,557,1
117,550,1
117,693,1
117,738,1
117,613,1
117,692,1
118,990,1
118,227,1
118,878,1
119,121,1
119,80,1
119,250,1
119,166,1
119,222,1
119,87,1
119,8,1
119,112,1
119,557,1
119,146,1
119,76,1
119,135,1
119,156,1
120,620,1
120,955,1
120,822,1
120,993,1
120,109,1
120,7,1
120,246,1
120,232,1
120,239,1
120,172,1
120,132,1
120,13,1
120,182,1
120,94,1
120,131,1
120,226,1
120,54,1
120,30,1
120,838,1
120,934,1
121,166,1
121,87,1
121,56,1
121,14,1
121,9,1
121,76,1
121,845,1
121,119,1
121,128,1
121,152,1
122,624,1
122,849,1
122,1008,1
122,307,1
122,373,1
122,737,1
123,994,1
123,915,1
123,304,1
123,333,1
123,535,1
123,957,1
123,264,1
124,268,1
124,688,1
124,265,1
125,449,1
125,418,1
125,360,1
126,136,1
126,134,1
126,726,1
126,10,1
126,5,1
126,70,1
126,212,1
126,111,1
126,675,1
126,712,1
126,576,1
126,835,1
126,945,1
126,202,1
126,849,1
126,530,1
126,284,1
126,746,1
126,165,1
126,240,1
126,610,1
126,935,1
126,155,1
126,106,1
126,131,1
126,37,1
126,263,1
1008,459,1
1008,122,1
1008,394,1
1008,274,1
1008,141,1
1008,426,1
1008,281,1
1008,159,1
1008,128,1
128,121,1
128,81,1
128,944,1
128,222,1
128,1008,1
128,394,1
128,138,1
128,56,1
128,274,1
128,174,1
128,914,1
128,51,1
128,141,1
128,426,1
128,159,1
128,459,1
128,191,1
128,950,1
128,250,1
128,8,1
128,71,1
128,165,1
128,14,1
128,113,1
128,9,1
128,196,1
128,845,1
128,91,1
129,86,1
129,65,1
129,39,1
129,1009,1
129,273,1
129,508,1
129,176,1
129,4,1
130,970,1
130,837,1
130,86,1
130,65,1
130,137,1
130,147,1
130,97,1
130,74,1
130,4,1
131,81,1
131,136,1
131,126,1
131,10,1
131,172,1
131,5,1
131,221,1
131,13,1
131,111,1
131,174,1
131,52,1
131,82,1
131,934,1
131,576,1
131,202,1
131,993,1
131,120,1
131,165,1
131,167,1
131,240,1
131,113,1
131,64,1
132,798,1
132,361,1
132,955,1
132,993,1
132,175,1
132,630,1
132,372,1
132,172,1
132,120,1
132,137,1
132,39,1
132,626,1
132,13,1
132,29,1
132,45,1
132,52,1
132,243,1
132,82,1
132,95,1
132,88,1
132,958,1
132,152,1
133,798,1
133,46,1
133,199,1
133,105,1
133,47,1
133,626,1
133,684,1
133,243,1
133,231,1
133,249,1
134,578,1
134,136,1
134,126,1
134,503,1
134,10,1
134,331,1
134,240,1
134,934,1
134,328,1
135,250,1
135,80,1
135,69,1
135,146,1
135,76,1
135,119,1
135,54,1
135,11,1
136,578,1
136,134,1
136,34,1
136,126,1
136,139,1
136,10,1
136,244,1
136,67,1
136,5,1
136,240,1
136,3,1
136,131,1
136,810,1
136,934,1
137,798,1
137,175,1
137,130,1
137,65,1
137,132,1
137,147,1
137,29,1
137,626,1
137,94,1
137,274,1
137,48,1
137,206,1
137,684,1
137,51,1
137,164,1
137,231,1
137,243,1
137,159,1
137,74,1
137,88,1
137,692,1
137,4,1
137,958,1
137,152,1
138,950,1
138,197,1
138,222,1
138,40,1
138,8,1
138,71,1
138,14,1
138,113,1
138,9,1
138,845,1
138,128,1
139,654,1
139,136,1
139,202,1
139,819,1
139,24,1
139,244,1
139,67,1
139,167,1
139,50,1
139,247,1
139,810,1
139,6,1
139,1004,1
139,30,1
139,769,1
139,973,1
140,857,1
140,943,1
140,672,1
140,765,1
140,917,1
140,646,1
141,459,1
141,191,1
141,250,1
141,944,1
141,1008,1
141,394,1
141,396,1
141,8,1
141,71,1
141,9,1
141,274,1
141,196,1
141,438,1
141,281,1
141,426,1
141,91,1
141,159,1
141,128,1
950,222,1
950,246,1
950,138,1
950,820,1
950,146,1
950,76,1
950,63,1
950,128,1
950,102,1
143,296,1
143,150,1
143,928,1
143,316,1
143,497,1
144,158,1
144,592,1
144,419,1
144,84,1
144,212,1
144,73,1
144,645,1
144,226,1
144,969,1
145,326,1
145,358,1
145,168,1
145,266,1
145,991,1
145,573,1
145,563,1
145,389,1
145,96,1
145,443,1
145,255,1
145,430,1
145,579,1
145,71,1
145,540,1
145,323,1
145,378,1
145,753,1
145,805,1
145,328,1
145,690,1
146,433,1
146,985,1
146,950,1
146,80,1
146,222,1
146,76,1
146,135,1
146,119,1
146,91,1
146,982,1
146,156,1
147,175,1
147,130,1
147,137,1
147,434,1
147,16,1
147,62,1
147,97,1
147,4,1
148,361,1
148,949,1
148,372,1
148,412,1
148,801,1
148,164,1
148,678,1
149,660,1
149,319,1
149,466,1
149,232,1
149,725,1
149,967,1
149,208,1
149,582,1
149,701,1
149,32,1
149,921,1
149,678,1
149,54,1
149,1006,1
149,969,1
150,143,1
150,255,1
150,296,1
150,434,1
150,636,1
150,303,1
150,321,1
150,497,1
151,441,1
151,770,1
151,92,1
151,975,1
152,61,1
152,121,1
152,955,1
152,175,1
152,166,1
152,87,1
152,137,1
152,39,1
152,251,1
152,132,1
152,177,1
152,20,1
152,798,1
152,168,1
152,234,1
152,246,1
152,69,1
152,14,1
152,113,1
152,29,1
152,48,1
152,93,1
152,243,1
152,88,1
152,958,1
971,418,1
971,50,1
971,769,1
155,720,1
155,126,1
155,419,1
155,726,1
155,687,1
155,32,1
155,613,1
156,222,1
156,112,1
156,76,1
156,146,1
156,119,1
156,982,1
156,66,1
156,98,1
157,286,1
157,418,1
157,452,1
157,573,1
157,345,1
157,398,1
157,394,1
157,648,1
157,495,1
157,104,1
157,281,1
157,41,1
157,730,1
157,89,1
157,355,1
157,217,1
157,559,1
158,191,1
158,84,1
158,144,1
158,226,1
159,459,1
159,686,1
159,1008,1
159,394,1
159,359,1
159,137,1
159,274,1
159,342,1
159,141,1
159,128,1
159,456,1
160,990,1
160,549,1
160,935,1
160,881,1
936,481,1
936,977,1
936,929,1
936,851,1
936,954,1
936,775,1
936,511,1
936,565,1
936,940,1
936,979,1
936,100,1
936,679,1
162,184,1
162,46,1
162,545,1
162,903,1
162,689,1
162,69,1
162,393,1
162,445,1
162,218,1
162,307,1
162,626,1
162,570,1
162,108,1
162,176,1
162,622,1
162,555,1
162,464,1
163,967,1
163,840,1
163,878,1
163,740,1
163,521,1
163,835,1
164,949,1
164,175,1
164,609,1
164,56,1
164,40,1
164,372,1
164,8,1
164,137,1
164,412,1
164,107,1
164,9,1
164,914,1
164,64,1
164,51,1
164,223,1
164,148,1
165,81,1
165,868,1
165,126,1
165,251,1
165,221,1
165,13,1
165,111,1
165,174,1
165,177,1
165,52,1
165,918,1
165,128,1
165,934,1
165,576,1
165,583,1
165,114,1
165,168,1
165,250,1
165,8,1
165,71,1
165,14,1
165,113,1
165,240,1
165,403,1
165,93,1
165,131,1
165,68,1
165,95,1
166,121,1
166,250,1
166,87,1
166,203,1
166,246,1
166,39,1
166,557,1
166,33,1
166,25,1
166,119,1
166,93,1
166,152,1
166,98,1
167,81,1
167,993,1
167,819,1
167,105,1
167,592,1
167,22,1
167,630,1
167,96,1
167,10,1
167,181,1
167,139,1
167,246,1
167,240,1
167,247,1
167,97,1
167,182,1
167,52,1
167,131,1
167,82,1
167,99,1
167,217,1
167,401,1
168,246,1
168,203,1
168,69,1
168,145,1
168,251,1
168,165,1
168,113,1
168,13,1
168,174,1
168,20,1
168,177,1
168,52,1
168,68,1
168,95,1
168,735,1
168,152,1
169,7,1
169,112,1
169,76,1
169,1000,1
169,982,1
169,66,1
169,98,1
170,620,1
170,522,1
170,675,1
170,625,1
170,102,1
171,446,1
171,736,1
171,888,1
171,981,1
171,962,1
172,955,1
172,993,1
172,120,1
172,132,1
172,13,1
172,25,1
172,52,1
172,131,1
172,82,1
172,95,1
172,226,1
172,838,1
172,934,1
173,180,1
173,96,1
173,7,1
173,635,1
173,704,1
173,865,1
173,426,1
173,26,1
173,77,1
174,81,1
174,868,1
174,114,1
174,168,1
174,197,1
174,250,1
174,8,1
174,165,1
174,71,1
174,14,1
174,113,1
174,13,1
174,845,1
174,177,1
174,52,1
174,131,1
174,95,1
174,128,1
174,576,1
175,798,1
175,955,1
175,372,1
175,137,1
175,132,1
175,39,1
175,147,1
175,626,1
175,29,1
175,48,1
175,823,1
175,164,1
175,243,1
175,88,1
175,19,1
175,854,1
175,958,1
175,152,1
176,545,1
176,34,1
176,24,1
176,696,1
176,69,1
176,218,1
176,626,1
176,674,1
176,684,1
176,363,1
176,41,1
176,939,1
176,2,1
176,737,1
176,129,1
176,162,1
176,220,1
177,114,1
177,168,1
177,697,1
177,69,1
177,165,1
177,14,1
177,113,1
177,179,1
177,388,1
177,174,1
177,20,1
177,895,1
177,68,1
177,152,1
178,183,1
178,185,1
179,348,1
179,57,1
179,177,1
179,20,1
180,76,1
180,173,1
181,105,1
181,819,1
181,944,1
181,56,1
181,714,1
181,70,1
181,212,1
181,247,1
181,111,1
181,182,1
181,52,1
181,82,1
181,99,1
181,217,1
181,576,1
181,554,1
181,202,1
181,588,1
181,246,1
181,167,1
181,240,1
181,680,1
181,93,1
181,35,1
182,993,1
182,202,1
182,105,1
182,22,1
182,7,1
182,246,1
182,181,1
182,120,1
182,167,1
182,878,1
182,645,1
182,93,1
182,35,1
182,99,1
182,226,1
182,77,1
182,576,1
182,554,1
183,178,1
183,185,1
184,81,1
184,46,1
184,545,1
184,36,1
184,903,1
184,10,1
184,193,1
184,916,1
184,69,1
184,830,1
184,393,1
184,445,1
184,218,1
184,626,1
184,29,1
184,82,1
184,108,1
184,622,1
184,19,1
184,555,1
184,162,1
184,464,1
185,178,1
185,183,1
186,187,1
186,204,1
186,201,1
187,186,1
187,204,1
187,201,1
187,805,1
188,189,1
188,194,1
188,192,1
189,194,1
189,188,1
189,192,1
190,34,1
190,227,1
190,29,1
190,13,1
190,94,1
190,953,1
190,95,1
190,115,1
191,158,1
191,80,1
191,56,1
191,8,1
191,71,1
191,983,1
191,9,1
191,141,1
191,91,1
191,128,1
192,189,1
192,194,1
192,188,1
193,184,1
193,200,1
193,830,1
193,195,1
193,198,1
194,189,1
194,188,1
194,192,1
195,200,1
195,869,1
195,193,1
195,304,1
195,198,1
196,250,1
196,197,1
196,944,1
196,56,1
196,40,1
196,8,1
196,14,1
196,218,1
196,107,1
196,914,1
196,51,1
196,141,1
196,128,1
197,868,1
197,993,1
197,80,1
197,250,1
197,138,1
197,40,1
197,69,1
197,71,1
197,14,1
197,73,1
197,107,1
197,13,1
197,196,1
197,174,1
197,845,1
197,51,1
197,245,1
197,2,1
198,200,1
198,193,1
198,195,1
199,677,1
199,210,1
199,566,1
199,27,1
199,133,1
199,47,1
199,674,1
199,231,1
199,74,1
199,638,1
200,869,1
200,193,1
200,304,1
200,195,1
200,198,1
201,186,1
201,187,1
201,204,1
202,654,1
202,795,1
202,81,1
202,551,1
202,126,1
202,139,1
202,181,1
202,244,1
202,70,1
202,221,1
202,212,1
202,111,1
202,182,1
202,30,1
202,576,1
202,934,1
202,973,1
202,835,1
202,849,1
202,530,1
202,284,1
202,240,1
202,106,1
202,93,1
202,682,1
202,131,1
202,35,1
202,810,1
202,6,1
203,868,1
203,168,1
203,250,1
203,166,1
203,96,1
203,112,1
203,251,1
203,113,1
203,97,1
203,25,1
203,1000,1
203,93,1
203,20,1
203,66,1
204,186,1
204,187,1
204,201,1
205,708,1
205,990,1
205,592,1
205,734,1
205,866,1
205,697,1
205,870,1
205,565,1
205,733,1
205,863,1
205,931,1
205,593,1
205,765,1
205,404,1
206,798,1
206,137,1
206,212,1
206,73,1
206,208,1
206,969,1
207,211,1
207,216,1
207,64,1
207,209,1
208,466,1
208,725,1
208,701,1
208,106,1
208,782,1
208,740,1
208,206,1
208,149,1
208,678,1
208,739,1
208,788,1
208,969,1
209,207,1
209,211,1
209,216,1
210,61,1
210,199,1
210,829,1
210,944,1
210,104,1
210,674,1
210,29,1
210,1000,1
210,231,1
210,877,1
210,41,1
210,74,1
210,217,1
210,2,1
210,220,1
211,207,1
211,216,1
211,209,1
212,795,1
212,202,1
212,849,1
212,126,1
212,592,1
212,419,1
212,530,1
212,726,1
212,284,1
212,181,1
212,144,1
212,73,1
212,935,1
212,610,1
212,106,1
212,206,1
212,217,1
212,576,1
212,835,1
213,215,1
213,214,1
214,213,1
214,215,1
215,213,1
215,214,1
216,620,1
216,207,1
216,312,1
216,211,1
216,209,1
217,588,1
217,210,1
217,181,1
217,394,1
217,495,1
217,710,1
217,104,1
217,167,1
217,212,1
217,247,1
217,157,1
217,281,1
217,52,1
217,899,1
217,82,1
217,41,1
217,765,1
217,220,1
218,184,1
218,849,1
218,437,1
218,394,1
218,463,1
218,69,1
218,445,1
218,331,1
218,365,1
218,1009,1
218,330,1
218,196,1
218,273,1
218,508,1
218,176,1
218,2,1
218,737,1
218,162,1
219,225,1
219,224,1
220,624,1
220,210,1
220,83,1
220,24,1
220,86,1
220,710,1
220,104,1
220,674,1
220,899,1
220,895,1
220,41,1
220,939,1
220,176,1
220,217,1
220,727,1
221,654,1
221,202,1
221,165,1
221,5,1
221,228,1
221,13,1
221,94,1
221,131,1
221,6,1
222,950,1
222,80,1
222,246,1
222,138,1
222,232,1
222,8,1
222,146,1
222,76,1
222,119,1
222,20,1
222,63,1
222,128,1
222,982,1
222,156,1
223,703,1
223,578,1
223,545,1
223,105,1
223,56,1
223,782,1
223,51,1
223,164,1
223,744,1
223,694,1
223,587,1
224,219,1
224,225,1
225,219,1
225,515,1
225,224,1
226,158,1
226,955,1
226,84,1
226,246,1
226,172,1
226,120,1
226,144,1
226,182,1
226,645,1
226,230,1
226,969,1
227,190,1
227,385,1
227,118,1
227,878,1
227,35,1
227,953,1
227,75,1
227,115,1
228,221,1
228,446,1
229,238,1
229,241,1
229,233,1
230,226,1
231,798,1
231,61,1
231,199,1
231,210,1
231,829,1
231,137,1
231,133,1
231,674,1
231,74,1
231,249,1
232,222,1
232,466,1
232,84,1
232,120,1
232,725,1
232,112,1
232,71,1
232,967,1
232,76,1
232,149,1
232,63,1
232,54,1
232,838,1
233,238,1
233,241,1
233,229,1
234,361,1
234,55,1
234,983,1
234,25,1
234,93,1
234,889,1
234,152,1
235,236,1
235,237,1
236,235,1
236,237,1
237,235,1
237,236,1
238,241,1
238,229,1
238,528,1
238,233,1
239,654,1
239,822,1
239,34,1
239,244,1
239,120,1
239,94,1
239,57,1
239,6,1
239,30,1
240,81,1
240,136,1
240,202,1
240,105,1
240,134,1
240,126,1
240,181,1
240,56,1
240,246,1
240,10,1
240,165,1
240,167,1
240,5,1
240,111,1
240,914,1
240,131,1
240,82,1
240,934,1
240,576,1
241,238,1
241,229,1
241,233,1
242,720,1
243,798,1
243,36,1
243,955,1
243,175,1
243,697,1
243,86,1
243,133,1
243,137,1
243,39,1
243,132,1
243,626,1
243,29,1
243,74,1
243,88,1
243,685,1
243,956,1
243,958,1
243,152,1
243,249,1
244,654,1
244,136,1
244,202,1
244,822,1
244,34,1
244,139,1
244,239,1
244,67,1
244,50,1
244,247,1
244,810,1
244,6,1
244,30,1
244,973,1
245,250,1
245,197,1
245,423,1
245,248,1
245,428,1
246,105,1
246,166,1
246,222,1
246,181,1
246,251,1
246,111,1
246,182,1
246,645,1
246,20,1
246,99,1
246,576,1
246,102,1
246,554,1
246,168,1
246,950,1
246,114,1
246,993,1
246,696,1
246,120,1
246,167,1
246,113,1
246,240,1
246,93,1
246,226,1
246,294,1
246,152,1
247,654,1
247,424,1
247,819,1
247,139,1
247,181,1
247,244,1
247,67,1
247,167,1
247,50,1
247,52,1
247,82,1
247,217,1
247,6,1
247,587,1
247,769,1
247,973,1
248,423,1
248,245,1
248,428,1
249,798,1
249,61,1
249,420,1
249,630,1
249,915,1
249,133,1
249,39,1
249,243,1
249,231,1
250,81,1
250,868,1
250,105,1
250,80,1
250,166,1
250,944,1
250,56,1
250,70,1
250,557,1
250,174,1
250,914,1
250,119,1
250,141,1
250,245,1
250,128,1
250,197,1
250,203,1
250,69,1
250,8,1
250,165,1
250,14,1
250,113,1
250,196,1
250,135,1
250,2,1
251,168,1
251,105,1
251,696,1
251,203,1
251,246,1
251,165,1
251,967,1
251,113,1
251,403,1
251,740,1
251,93,1
251,20,1
251,735,1
251,320,1
251,152,1
251,788,1
252,336,1
252,985,1
252,551,1
252,490,1
252,387,1
252,640,1
252,469,1
252,277,1
252,255,1
252,421,1
252,359,1
252,362,1
252,467,1
252,693,1
252,705,1
252,31,1
252,456,1
253,500,1
253,582,1
254,770,1
254,681,1
254,259,1
254,899,1
254,351,1
255,686,1
255,422,1
255,252,1
255,573,1
255,398,1
255,394,1
255,359,1
255,430,1
255,434,1
255,537,1
255,636,1
255,342,1
255,281,1
255,705,1
255,498,1
255,314,1
255,390,1
255,266,1
255,640,1
255,381,1
255,277,1
255,348,1
255,362,1
255,145,1
255,460,1
255,150,1
255,403,1
255,550,1
255,456,1
255,805,1
255,371,1
976,350,1
976,442,1
976,271,1
976,871,1
257,472,1
257,266,1
257,609,1
257,434,1
257,349,1
257,321,1
257,353,1
258,336,1
258,78,1
258,720,1
258,803,1
258,417,1
258,948,1
258,893,1
258,447,1
258,435,1
258,1009,1
258,299,1
258,349,1
258,450,1
258,273,1
258,596,1
258,426,1
258,323,1
258,484,1
258,492,1
258,305,1
259,332,1
259,533,1
259,480,1
259,254,1
259,899,1
259,676,1
259,631,1
260,481,1
260,491,1
260,477,1
260,442,1
260,261,1
260,453,1
260,299,1
260,100,1
260,797,1
260,501,1
260,309,1
261,405,1
261,477,1
261,12,1
261,453,1
261,299,1
261,797,1
261,637,1
261,581,1
261,260,1
261,305,1
261,487,1
947,779,1
263,945,1
263,126,1
263,746,1
263,70,1
263,106,1
263,28,1
263,675,1
263,835,1
264,506,1
264,123,1
264,304,1
264,535,1
265,124,1
265,809,1
265,552,1
266,472,1
266,358,1
266,573,1
266,991,1
266,292,1
266,609,1
266,430,1
266,257,1
266,434,1
266,16,1
266,1009,1
266,659,1
266,99,1
266,110,1
266,479,1
266,353,1
266,767,1
266,459,1
266,960,1
266,255,1
266,455,1
266,145,1
266,289,1
266,753,1
266,328,1
266,805,1
912,542,1
912,444,1
912,734,1
912,569,1
912,1007,1
912,480,1
912,623,1
912,784,1
912,565,1
912,843,1
912,339,1
912,848,1
912,733,1
912,334,1
912,899,1
912,532,1
912,515,1
912,513,1
912,957,1
268,458,1
268,124,1
269,408,1
269,583,1
269,686,1
269,873,1
269,916,1
269,274,1
269,692,1
269,559,1
269,448,1
270,527,1
270,851,1
270,506,1
270,538,1
270,796,1
270,517,1
270,739,1
270,766,1
271,481,1
271,976,1
271,311,1
271,453,1
271,813,1
271,871,1
271,305,1
272,283,1
272,432,1
272,441,1
272,72,1
272,385,1
272,322,1
272,463,1
272,633,1
272,579,1
272,652,1
272,427,1
272,273,1
272,682,1
272,508,1
272,400,1
273,358,1
273,292,1
273,272,1
273,441,1
273,443,1
273,427,1
273,813,1
273,1009,1
273,669,1
273,484,1
273,378,1
273,462,1
273,78,1
273,325,1
273,437,1
273,291,1
273,463,1
273,317,1
273,453,1
273,652,1
273,445,1
273,365,1
273,331,1
273,218,1
273,1002,1
273,508,1
273,984,1
273,258,1
273,129,1
274,408,1
274,686,1
274,573,1
274,405,1
274,398,1
274,1008,1
274,359,1
274,394,1
274,137,1
274,141,1
274,159,1
274,692,1
274,128,1
274,498,1
274,478,1
274,798,1
274,390,1
274,348,1
274,396,1
274,416,1
274,403,1
274,74,1
274,269,1
274,305,1
275,951,1
275,536,1
275,812,1
275,906,1
275,863,1
276,977,1
276,929,1
276,989,1
276,974,1
276,841,1
276,994,1
276,891,1
277,686,1
277,640,1
277,252,1
277,469,1
277,255,1
277,291,1
277,421,1
277,359,1
277,362,1
277,537,1
277,388,1
277,467,1
277,342,1
277,705,1
277,371,1
278,677,1
278,300,1
278,755,1
278,520,1
278,627,1
958,955,1
958,175,1
958,55,1
958,137,1
958,132,1
958,39,1
958,29,1
958,243,1
958,88,1
958,152,1
280,485,1
281,255,1
281,1008,1
281,447,1
281,359,1
281,394,1
281,495,1
281,104,1
281,435,1
281,100,1
281,157,1
281,438,1
281,141,1
281,426,1
281,41,1
281,217,1
281,355,1
281,456,1
282,454,1
282,736,1
282,904,1
282,888,1
283,287,1
283,472,1
283,432,1
283,390,1
283,397,1
283,452,1
283,573,1
283,991,1
283,424,1
283,963,1
283,272,1
283,72,1
283,291,1
283,579,1
283,360,1
283,659,1
283,89,1
283,559,1
283,478,1
283,409,1
283,371,1
284,624,1
284,583,1
284,432,1
284,345,1
284,991,1
284,202,1
284,849,1
284,126,1
284,530,1
284,212,1
284,935,1
284,106,1
284,564,1
284,373,1
284,294,1
284,729,1
996,1005,1
996,46,1
996,531,1
996,890,1
996,562,1
996,932,1
996,706,1
996,683,1
286,418,1
286,345,1
286,873,1
286,916,1
286,411,1
286,427,1
286,445,1
286,157,1
286,342,1
286,730,1
286,355,1
286,559,1
286,409,1
287,283,1
287,431,1
287,424,1
287,291,1
287,579,1
287,453,1
287,559,1
287,462,1
287,478,1
287,110,1
944,210,1
944,250,1
944,181,1
944,56,1
944,746,1
944,8,1
944,70,1
944,29,1
944,106,1
944,782,1
944,196,1
944,1000,1
944,671,1
944,914,1
944,141,1
944,518,1
944,128,1
944,37,1
289,624,1
289,472,1
289,408,1
289,266,1
289,422,1
289,849,1
289,443,1
289,322,1
289,317,1
289,430,1
289,296,1
289,427,1
289,659,1
289,378,1
289,498,1
289,373,1
289,984,1
289,448,1
289,328,1
289,353,1
289,497,1
290,938,1
290,601,1
290,391,1
290,935,1
291,287,1
291,283,1
291,431,1
291,358,1
291,277,1
291,443,1
291,453,1
291,813,1
291,273,1
291,378,1
291,559,1
291,462,1
291,478,1
291,321,1
292,472,1
292,358,1
292,326,1
292,266,1
292,588,1
292,389,1
292,357,1
292,927,1
292,441,1
292,71,1
292,540,1
292,273,1
292,752,1
292,378,1
292,320,1
292,805,1
293,408,1
293,318,1
293,416,1
293,374,1
294,624,1
294,314,1
294,432,1
294,991,1
294,405,1
294,530,1
294,284,1
294,246,1
294,537,1
294,393,1
294,307,1
294,564,1
294,730,1
294,373,1
295,314,1
295,381,1
295,398,1
295,348,1
295,681,1
295,439,1
295,787,1
295,988,1
295,450,1
295,922,1
296,143,1
296,472,1
296,408,1
296,563,1
296,468,1
296,322,1
296,360,1
296,150,1
296,501,1
296,289,1
296,659,1
296,303,1
296,497,1
297,734,1
297,697,1
297,733,1
297,75,1
297,685,1
903,184,1
903,46,1
903,985,1
903,545,1
903,689,1
903,69,1
903,393,1
903,865,1
903,307,1
903,626,1
903,622,1
903,162,1
903,464,1
299,481,1
299,477,1
299,666,1
299,442,1
299,447,1
299,261,1
299,453,1
299,550,1
299,797,1
299,323,1
299,58,1
299,260,1
299,258,1
299,338,1
299,305,1
299,487,1
300,278,1
300,677,1
300,755,1
300,672,1
300,520,1
300,627,1
933,671,1
933,727,1
302,608,1
302,466,1
302,725,1
302,967,1
302,921,1
302,678,1
302,917,1
302,788,1
303,472,1
303,563,1
303,468,1
303,635,1
303,296,1
303,150,1
303,501,1
303,338,1
303,497,1
303,464,1
304,869,1
304,200,1
304,87,1
304,123,1
304,195,1
304,535,1
304,264,1
305,551,1
305,405,1
305,477,1
305,442,1
305,447,1
305,261,1
305,271,1
305,453,1
305,311,1
305,999,1
305,813,1
305,299,1
305,274,1
305,797,1
305,637,1
305,570,1
305,58,1
305,488,1
305,258,1
305,487,1
306,759,1
306,964,1
306,413,1
306,623,1
306,547,1
306,700,1
306,53,1
306,778,1
306,877,1
307,314,1
307,46,1
307,545,1
307,397,1
307,422,1
307,903,1
307,849,1
307,122,1
307,69,1
307,393,1
307,626,1
307,570,1
307,373,1
307,498,1
307,737,1
307,294,1
307,162,1
307,838,1
307,464,1
308,569,1
308,92,1
308,117,1
308,755,1
308,557,1
308,505,1
308,693,1
308,738,1
308,722,1
309,100,1
309,347,1
309,260,1
310,332,1
310,844,1
310,324,1
310,932,1
310,591,1
310,729,1
311,481,1
311,424,1
311,271,1
311,453,1
311,813,1
311,637,1
311,871,1
311,797,1
311,488,1
311,321,1
311,409,1
311,305,1
312,620,1
312,7,1
312,216,1
312,625,1
312,77,1
312,683,1
313,898,1
313,869,1
313,646,1
313,910,1
314,397,1
314,573,1
314,405,1
314,381,1
314,398,1
314,255,1
314,348,1
314,393,1
314,439,1
314,411,1
314,307,1
314,450,1
314,550,1
314,90,1
314,997,1
314,922,1
314,682,1
314,295,1
314,492,1
314,294,1
314,462,1
314,102,1
315,616,1
315,708,1
315,938,1
315,601,1
315,319,1
315,935,1
315,505,1
315,548,1
315,535,1
315,521,1
316,143,1
316,941,1
316,691,1
316,928,1
316,932,1
316,731,1
316,497,1
317,418,1
317,449,1
317,609,1
317,437,1
317,396,1
317,421,1
317,430,1
317,365,1
317,273,1
317,540,1
317,289,1
317,386,1
317,984,1
317,587,1
317,328,1
318,473,1
318,293,1
318,408,1
318,890,1
318,579,1
318,598,1
318,416,1
318,374,1
319,616,1
319,699,1
319,695,1
319,315,1
319,660,1
319,601,1
319,725,1
319,344,1
319,149,1
319,921,1
319,54,1
319,722,1
320,326,1
320,1010,1
320,292,1
320,588,1
320,430,1
320,71,1
320,251,1
320,540,1
320,735,1
320,805,1
321,472,1
321,481,1
321,405,1
321,469,1
321,291,1
321,359,1
321,704,1
321,12,1
321,311,1
321,257,1
321,813,1
321,150,1
321,637,1
321,378,1
321,488,1
321,479,1
322,654,1
322,472,1
322,408,1
322,272,1
322,350,1
322,441,1
322,436,1
322,370,1
322,296,1
322,15,1
322,429,1
322,363,1
322,289,1
322,479,1
323,336,1
323,803,1
323,417,1
323,357,1
323,447,1
323,348,1
323,495,1
323,145,1
323,104,1
323,1009,1
323,349,1
323,299,1
323,693,1
323,426,1
323,41,1
323,484,1
323,355,1
323,258,1
323,479,1
324,977,1
324,632,1
324,588,1
324,759,1
324,954,1
324,866,1
324,310,1
324,877,1
324,931,1
324,593,1
325,551,1
325,390,1
325,563,1
325,503,1
325,436,1
325,370,1
325,502,1
325,439,1
325,411,1
325,460,1
325,330,1
325,403,1
325,450,1
325,273,1
325,797,1
325,501,1
325,570,1
325,462,1
325,479,1
326,358,1
326,1010,1
326,292,1
326,588,1
326,389,1
326,398,1
326,443,1
326,430,1
326,145,1
326,537,1
326,540,1
326,493,1
326,498,1
326,320,1
326,805,1
327,1005,1
327,995,1
327,623,1
327,784,1
327,519,1
327,932,1
327,513,1
328,472,1
328,266,1
328,134,1
328,443,1
328,609,1
328,503,1
328,396,1
328,681,1
328,317,1
328,145,1
328,434,1
328,427,1
328,1009,1
328,659,1
328,289,1
328,378,1
328,110,1
328,479,1
328,353,1
329,844,1
329,857,1
329,943,1
329,700,1
329,894,1
330,473,1
330,573,1
330,325,1
330,503,1
330,437,1
330,463,1
330,502,1
330,331,1
330,445,1
330,427,1
330,218,1
330,1002,1
330,416,1
330,374,1
330,659,1
330,570,1
331,720,1
331,134,1
331,503,1
331,437,1
331,502,1
331,411,1
331,445,1
331,218,1
331,1009,1
331,1002,1
331,330,1
331,273,1
331,745,1
332,533,1
332,915,1
332,310,1
332,259,1
332,596,1
332,719,1
332,591,1
332,729,1
333,929,1
333,341,1
333,561,1
333,994,1
333,123,1
333,915,1
334,912,1
334,542,1
334,734,1
334,1007,1
334,623,1
334,935,1
335,989,1
335,734,1
335,650,1
335,719,1
335,88,1
335,685,1
335,1006,1
336,803,1
336,417,1
336,252,1
336,357,1
336,447,1
336,348,1
336,349,1
336,693,1
336,323,1
336,484,1
336,258,1
337,489,1
337,366,1
337,535,1
337,590,1
338,563,1
338,350,1
338,442,1
338,299,1
338,501,1
338,797,1
338,425,1
338,303,1
338,497,1
338,487,1
339,912,1
339,444,1
339,978,1
339,578,1
339,783,1
339,734,1
339,569,1
339,1007,1
339,623,1
339,519,1
339,700,1
339,744,1
339,515,1
339,894,1
340,608,1
341,650,1
341,994,1
341,565,1
341,979,1
341,333,1
341,891,1
341,814,1
342,286,1
342,46,1
342,459,1
342,686,1
342,640,1
342,277,1
342,255,1
342,394,1
342,359,1
342,636,1
342,159,1
342,705,1
342,456,1
342,409,1
342,371,1
343,980,1
343,840,1
343,906,1
344,695,1
344,319,1
344,415,1
344,921,1
345,286,1
345,418,1
345,431,1
345,449,1
345,109,1
345,350,1
345,635,1
345,399,1
345,284,1
345,495,1
345,157,1
345,730,1
345,355,1
345,462,1
908,945,1
908,850,1
908,941,1
908,841,1
908,597,1
908,972,1
908,905,1
908,928,1
908,544,1
908,968,1
908,518,1
908,625,1
908,678,1
908,835,1
908,618,1
347,980,1
347,309,1
348,336,1
348,314,1
348,357,1
348,398,1
348,255,1
348,359,1
348,439,1
348,179,1
348,403,1
348,450,1
348,274,1
348,295,1
348,323,1
348,492,1
349,336,1
349,803,1
349,417,1
349,357,1
349,447,1
349,457,1
349,257,1
349,1009,1
349,90,1
349,323,1
349,484,1
349,258,1
350,431,1
350,976,1
350,345,1
350,442,1
350,322,1
350,453,1
350,871,1
350,17,1
350,338,1
350,479,1
350,462,1
350,487,1
351,654,1
351,989,1
351,893,1
351,770,1
351,1007,1
351,681,1
351,254,1
351,582,1
351,622,1
888,171,1
888,500,1
888,990,1
888,826,1
888,109,1
888,601,1
888,486,1
888,282,1
888,446,1
888,736,1
888,962,1
888,881,1
353,472,1
353,266,1
353,609,1
353,257,1
353,427,1
353,659,1
353,289,1
353,386,1
353,328,1
354,688,1
354,619,1
354,563,1
354,763,1
354,519,1
354,733,1
354,525,1
355,286,1
355,418,1
355,640,1
355,452,1
355,345,1
355,357,1
355,916,1
355,463,1
355,495,1
355,362,1
355,104,1
355,537,1
355,411,1
355,388,1
355,157,1
355,281,1
355,323,1
355,41,1
355,730,1
355,89,1
355,559,1
355,462,1
1010,326,1
1010,430,1
1010,540,1
1010,320,1
357,336,1
357,417,1
357,292,1
357,348,1
357,447,1
357,104,1
357,349,1
357,403,1
357,450,1
357,323,1
357,41,1
357,492,1
357,613,1
357,355,1
358,473,1
358,326,1
358,266,1
358,422,1
358,292,1
358,389,1
358,443,1
358,291,1
358,430,1
358,579,1
358,145,1
358,453,1
358,537,1
358,813,1
358,48,1
358,852,1
358,540,1
358,273,1
358,493,1
358,484,1
358,378,1
358,498,1
358,739,1
359,490,1
359,686,1
359,252,1
359,405,1
359,394,1
359,12,1
359,274,1
359,342,1
359,281,1
359,705,1
359,159,1
359,640,1
359,277,1
359,255,1
359,348,1
359,704,1
359,362,1
359,403,1
359,488,1
359,456,1
359,321,1
359,371,1
360,472,1
360,283,1
360,449,1
360,418,1
360,424,1
360,573,1
360,614,1
360,125,1
360,296,1
360,659,1
360,564,1
361,59,1
361,234,1
361,55,1
361,372,1
361,132,1
361,45,1
361,148,1
362,490,1
362,955,1
362,252,1
362,640,1
362,469,1
362,405,1
362,277,1
362,255,1
362,84,1
362,421,1
362,359,1
362,537,1
362,388,1
362,550,1
362,467,1
362,705,1
362,355,1
362,31,1
363,545,1
363,34,1
363,436,1
363,322,1
363,370,1
363,176,1
363,661,1
363,737,1
363,456,1
363,401,1
364,705,1
365,472,1
365,588,1
365,398,1
365,437,1
365,704,1
365,317,1
365,218,1
365,273,1
365,659,1
365,984,1
366,607,1
366,535,1
366,337,1
366,108,1
367,632,1
367,851,1
367,938,1
367,954,1
367,866,1
367,414,1
367,857,1
367,755,1
367,678,1
367,931,1
368,37,1
369,632,1
369,375,1
369,759,1
369,42,1
369,866,1
369,775,1
369,877,1
369,931,1
370,472,1
370,325,1
370,503,1
370,436,1
370,322,1
370,502,1
370,460,1
370,465,1
370,363,1
370,661,1
370,479,1
370,464,1
371,283,1
371,390,1
371,686,1
371,277,1
371,255,1
371,359,1
371,537,1
371,460,1
371,467,1
371,342,1
371,705,1
372,361,1
372,949,1
372,175,1
372,69,1
372,747,1
372,132,1
372,412,1
372,45,1
372,9,1
372,164,1
372,678,1
372,148,1
372,485,1
373,624,1
373,432,1
373,422,1
373,849,1
373,381,1
373,122,1
373,284,1
373,393,1
373,307,1
373,289,1
373,564,1
373,498,1
373,294,1
374,473,1
374,408,1
374,293,1
374,432,1
374,318,1
374,579,1
374,598,1
374,652,1
374,427,1
374,445,1
374,416,1
374,330,1
374,777,1
374,508,1
374,400,1
374,409,1
375,632,1
375,938,1
375,759,1
375,536,1
375,866,1
375,369,1
375,931,1
375,934,1
376,659,1
376,378,1
377,680,1
377,554,1
378,408,1
378,358,1
378,292,1
378,422,1
378,389,1
378,443,1
378,427,1
378,813,1
378,376,1
378,659,1
378,484,1
378,498,1
378,409,1
378,481,1
378,849,1
378,291,1
378,23,1
378,145,1
378,453,1
378,273,1
378,493,1
378,289,1
378,488,1
378,984,1
378,753,1
378,328,1
378,321,1
379,851,1
379,649,1
928,143,1
928,844,1
928,585,1
928,941,1
928,691,1
928,841,1
928,610,1
928,908,1
928,316,1
928,804,1
928,731,1
928,497,1
381,314,1
381,397,1
381,573,1
381,849,1
381,398,1
381,255,1
381,434,1
381,450,1
381,550,1
381,922,1
381,295,1
381,986,1
381,373,1
987,703,1
987,483,1
987,16,1
987,99,1
987,75,1
987,953,1
987,88,1
882,96,1
882,10,1
882,1000,1
882,891,1
982,764,1
982,222,1
982,169,1
982,146,1
982,156,1
385,34,1
385,272,1
385,395,1
385,633,1
385,746,1
385,227,1
385,3,1
385,777,1
385,682,1
385,91,1
385,953,1
385,400,1
386,620,1
386,449,1
386,418,1
386,424,1
386,398,1
386,317,1
386,453,1
386,581,1
386,730,1
386,587,1
386,462,1
386,409,1
386,353,1
387,640,1
387,252,1
387,395,1
387,610,1
387,777,1
387,467,1
387,464,1
388,640,1
388,469,1
388,960,1
388,277,1
388,697,1
388,704,1
388,458,1
388,362,1
388,177,1
388,895,1
388,953,1
388,75,1
388,88,1
388,355,1
388,685,1
389,358,1
389,326,1
389,292,1
389,422,1
389,849,1
389,398,1
389,443,1
389,430,1
389,145,1
389,540,1
389,493,1
389,378,1
389,498,1
389,984,1
389,753,1
389,805,1
390,472,1
390,686,1
390,573,1
390,405,1
390,563,1
390,72,1
390,503,1
390,393,1
390,439,1
390,274,1
390,692,1
390,478,1
390,479,1
390,283,1
390,325,1
390,255,1
390,436,1
390,411,1
390,612,1
390,460,1
390,403,1
390,450,1
390,79,1
390,501,1
390,805,1
390,371,1
391,935,1
391,423,1
391,290,1
978,898,1
978,783,1
978,942,1
978,339,1
978,415,1
978,672,1
978,700,1
978,517,1
978,745,1
978,939,1
978,706,1
978,894,1
978,739,1
393,46,1
393,431,1
393,573,1
393,991,1
393,903,1
393,689,1
393,307,1
393,626,1
393,162,1
393,462,1
393,464,1
393,624,1
393,314,1
393,184,1
393,545,1
393,390,1
393,397,1
393,69,1
393,570,1
393,108,1
393,564,1
393,373,1
393,294,1
393,622,1
394,459,1
394,255,1
394,1008,1
394,447,1
394,359,1
394,495,1
394,104,1
394,460,1
394,218,1
394,274,1
394,157,1
394,342,1
394,141,1
394,426,1
394,281,1
394,41,1
394,159,1
394,1004,1
394,128,1
394,217,1
394,456,1
395,583,1
395,387,1
395,686,1
395,385,1
395,746,1
395,610,1
395,777,1
395,467,1
396,798,1
396,686,1
396,398,1
396,609,1
396,442,1
396,421,1
396,317,1
396,416,1
396,274,1
396,141,1
396,426,1
396,74,1
396,498,1
396,692,1
396,984,1
396,328,1
397,314,1
397,283,1
397,545,1
397,424,1
397,381,1
397,439,1
397,393,1
397,813,1
397,307,1
397,669,1
397,986,1
397,488,1
397,838,1
398,620,1
398,326,1
398,686,1
398,573,1
398,424,1
398,422,1
398,389,1
398,274,1
398,157,1
398,498,1
398,409,1
398,314,1
398,381,1
398,255,1
398,348,1
398,396,1
398,365,1
398,403,1
398,450,1
398,997,1
398,493,1
398,295,1
398,386,1
398,984,1
398,448,1
399,345,1
399,71,1
399,91,1
400,432,1
400,272,1
400,72,1
400,385,1
400,633,1
400,579,1
400,652,1
400,427,1
400,374,1
400,462,1
401,105,1
401,592,1
401,167,1
401,363,1
401,737,1
401,751,1
401,497,1
402,61,1
402,431,1
402,829,1
402,696,1
402,788,1
403,390,1
403,573,1
403,991,1
403,424,1
403,357,1
403,398,1
403,325,1
403,255,1
403,348,1
403,359,1
403,165,1
403,251,1
403,439,1
403,411,1
403,612,1
403,274,1
403,450,1
403,997,1
403,93,1
403,918,1
403,735,1
403,984,1
403,448,1
404,205,1
404,866,1
404,733,1
404,744,1
404,931,1
404,410,1
404,664,1
404,690,1
405,624,1
405,314,1
405,432,1
405,390,1
405,686,1
405,563,1
405,359,1
405,261,1
405,362,1
405,117,1
405,274,1
405,550,1
405,493,1
405,501,1
405,637,1
405,570,1
405,692,1
405,294,1
405,478,1
405,321,1
405,305,1
956,721,1
956,411,1
956,243,1
956,30,1
922,314,1
922,381,1
922,439,1
922,295,1
408,473,1
408,481,1
408,293,1
408,318,1
408,322,1
408,579,1
408,453,1
408,296,1
408,598,1
408,427,1
408,374,1
408,274,1
408,777,1
408,289,1
408,659,1
408,378,1
408,508,1
408,269,1
408,984,1
408,409,1
408,448,1
409,286,1
409,473,1
409,283,1
409,408,1
409,46,1
409,620,1
409,424,1
409,398,1
409,916,1
409,579,1
409,311,1
409,652,1
409,416,1
409,374,1
409,342,1
409,659,1
409,386,1
409,378,1
409,508,1
409,984,1
410,974,1
410,560,1
410,650,1
410,994,1
410,861,1
410,775,1
410,511,1
410,679,1
410,596,1
410,590,1
410,532,1
410,404,1
410,690,1
410,957,1
411,286,1
411,314,1
411,390,1
411,325,1
411,503,1
411,436,1
411,502,1
411,439,1
411,331,1
411,612,1
411,403,1
411,450,1
411,90,1
411,492,1
411,355,1
411,30,1
411,559,1
411,110,1
411,462,1
411,456,1
411,956,1
412,851,1
412,949,1
412,463,1
412,579,1
412,372,1
412,69,1
412,164,1
412,508,1
412,148,1
412,769,1
413,547,1
413,874,1
413,796,1
413,877,1
413,306,1
414,367,1
414,691,1
414,755,1
414,857,1
414,943,1
414,678,1
414,931,1
414,910,1
415,898,1
415,978,1
415,709,1
415,942,1
415,672,1
415,801,1
415,344,1
415,671,1
415,745,1
415,517,1
415,939,1
415,706,1
415,727,1
415,646,1
416,473,1
416,293,1
416,318,1
416,686,1
416,396,1
416,427,1
416,374,1
416,330,1
416,274,1
416,74,1
416,692,1
416,409,1
417,336,1
417,78,1
417,720,1
417,803,1
417,357,1
417,948,1
417,538,1
417,117,1
417,435,1
417,349,1
417,450,1
417,323,1
417,484,1
417,492,1
417,613,1
417,258,1
417,479,1
418,286,1
418,449,1
418,345,1
418,109,1
418,614,1
418,971,1
418,635,1
418,317,1
418,360,1
418,125,1
418,50,1
418,157,1
418,540,1
418,386,1
418,730,1
418,355,1
419,592,1
419,726,1
419,687,1
419,144,1
419,212,1
419,155,1
420,249,1
421,252,1
421,640,1
421,469,1
421,277,1
421,396,1
421,317,1
421,362,1
421,467,1
421,31,1
422,358,1
422,849,1
422,389,1
422,398,1
422,255,1
422,443,1
422,537,1
422,307,1
422,493,1
422,289,1
422,378,1
422,498,1
422,373,1
422,984,1
423,391,1
423,248,1
423,245,1
423,428,1
424,472,1
424,620,1
424,573,1
424,398,1
424,813,1
424,247,1
424,659,1
424,587,1
424,409,1
424,287,1
424,283,1
424,397,1
424,437,1
424,579,1
424,311,1
424,360,1
424,403,1
424,997,1
424,386,1
424,488,1
424,984,1
424,448,1
425,563,1
425,556,1
425,501,1
425,508,1
425,751,1
425,338,1
426,459,1
426,1008,1
426,447,1
426,394,1
426,396,1
426,652,1
426,435,1
426,438,1
426,141,1
426,281,1
426,323,1
426,173,1
426,128,1
426,258,1
426,456,1
427,286,1
427,473,1
427,472,1
427,408,1
427,272,1
427,503,1
427,579,1
427,502,1
427,652,1
427,445,1
427,416,1
427,374,1
427,330,1
427,273,1
427,289,1
427,378,1
427,508,1
427,456,1
427,400,1
427,328,1
427,353,1
428,423,1
428,248,1
428,245,1
429,660,1
429,322,1
429,667,1
429,15,1
430,358,1
430,326,1
430,1010,1
430,266,1
430,573,1
430,563,1
430,389,1
430,96,1
430,443,1
430,468,1
430,255,1
430,317,1
430,579,1
430,145,1
430,71,1
430,540,1
430,289,1
430,498,1
430,984,1
430,320,1
430,448,1
430,805,1
431,402,1
431,287,1
431,345,1
431,991,1
431,350,1
431,441,1
431,291,1
431,495,1
431,393,1
431,730,1
431,559,1
431,462,1
431,487,1
432,624,1
432,283,1
432,472,1
432,452,1
432,405,1
432,272,1
432,72,1
432,284,1
432,537,1
432,374,1
432,730,1
432,564,1
432,373,1
432,294,1
432,400,1
433,62,1
433,146,1
433,91,1
434,266,1
434,381,1
434,255,1
434,609,1
434,257,1
434,147,1
434,62,1
434,1009,1
434,150,1
434,97,1
434,636,1
434,110,1
434,479,1
434,328,1
435,417,1
435,948,1
435,443,1
435,447,1
435,1009,1
435,540,1
435,426,1
435,281,1
435,484,1
435,258,1
435,751,1
435,737,1
435,462,1
436,472,1
436,390,1
436,563,1
436,325,1
436,441,1
436,503,1
436,556,1
436,322,1
436,370,1
436,502,1
436,453,1
436,411,1
436,612,1
436,460,1
436,450,1
436,79,1
436,363,1
436,501,1
436,737,1
436,456,1
436,479,1
436,464,1
437,624,1
437,472,1
437,424,1
437,573,1
437,588,1
437,704,1
437,317,1
437,463,1
437,445,1
437,365,1
437,331,1
437,218,1
437,1009,1
437,330,1
437,273,1
437,659,1
437,984,1
438,100,1
438,281,1
438,426,1
438,141,1
439,314,1
439,397,1
439,390,1
439,325,1
439,348,1
439,681,1
439,411,1
439,612,1
439,787,1
439,116,1
439,403,1
439,450,1
439,922,1
439,295,1
439,492,1
439,918,1
439,661,1
439,102,1
439,448,1
440,88,1
440,685,1
441,472,1
441,431,1
441,991,1
441,292,1
441,272,1
441,436,1
441,322,1
441,633,1
441,579,1
441,1009,1
441,1002,1
441,669,1
441,151,1
441,111,1
441,273,1
441,682,1
441,508,1
441,730,1
441,559,1
441,462,1
441,479,1
442,976,1
442,350,1
442,396,1
442,299,1
442,501,1
442,797,1
442,260,1
442,58,1
442,338,1
442,487,1
442,305,1
443,326,1
443,358,1
443,422,1
443,389,1
443,291,1
443,430,1
443,579,1
443,145,1
443,23,1
443,453,1
443,71,1
443,435,1
443,540,1
443,273,1
443,289,1
443,484,1
443,378,1
443,498,1
443,328,1
443,448,1
443,805,1
443,690,1
444,912,1
444,734,1
444,1007,1
444,623,1
444,843,1
444,339,1
444,899,1
444,622,1
444,515,1
445,286,1
445,473,1
445,184,1
445,437,1
445,463,1
445,495,1
445,427,1
445,331,1
445,218,1
445,330,1
445,374,1
445,273,1
445,555,1
445,162,1
446,171,1
446,600,1
446,826,1
446,228,1
446,736,1
446,962,1
446,888,1
447,336,1
447,985,1
447,803,1
447,357,1
447,394,1
447,104,1
447,435,1
447,349,1
447,299,1
447,693,1
447,90,1
447,426,1
447,281,1
447,323,1
447,484,1
447,705,1
447,1004,1
447,258,1
447,11,1
447,456,1
447,305,1
448,408,1
448,424,1
448,991,1
448,398,1
448,443,1
448,430,1
448,439,1
448,612,1
448,403,1
448,450,1
448,997,1
448,289,1
448,451,1
448,918,1
448,269,1
448,984,1
449,418,1
449,452,1
449,345,1
449,317,1
449,360,1
449,125,1
449,386,1
449,730,1
450,417,1
450,357,1
450,948,1
450,398,1
450,439,1
450,693,1
450,78,1
450,314,1
450,390,1
450,381,1
450,325,1
450,348,1
450,436,1
450,411,1
450,612,1
450,403,1
450,501,1
450,295,1
450,738,1
450,492,1
450,258,1
450,448,1
451,448,1
452,283,1
452,449,1
452,432,1
452,573,1
452,991,1
452,495,1
452,157,1
452,705,1
452,484,1
452,730,1
452,89,1
452,355,1
452,559,1
453,473,1
453,408,1
453,358,1
453,443,1
453,271,1
453,261,1
453,813,1
453,299,1
453,637,1
453,484,1
453,260,1
453,378,1
453,478,1
453,287,1
453,481,1
453,350,1
453,436,1
453,291,1
453,704,1
453,311,1
453,652,1
453,273,1
453,797,1
453,581,1
453,386,1
453,488,1
453,305,1
454,506,1
454,538,1
454,282,1
454,962,1
454,904,1
454,766,1
455,459,1
455,266,1
455,960,1
455,874,1
455,796,1
456,551,1
456,985,1
456,686,1
456,640,1
456,252,1
456,255,1
456,503,1
456,436,1
456,447,1
456,394,1
456,359,1
456,411,1
456,427,1
456,460,1
456,988,1
456,342,1
456,281,1
456,363,1
456,426,1
456,159,1
456,705,1
456,478,1
457,783,1
457,349,1
457,607,1
457,581,1
457,836,1
458,268,1
458,734,1
458,697,1
458,704,1
458,733,1
458,388,1
458,953,1
458,88,1
458,685,1
459,266,1
459,960,1
459,1008,1
459,394,1
459,455,1
459,460,1
459,342,1
459,141,1
459,426,1
459,159,1
459,128,1
460,459,1
460,390,1
460,325,1
460,255,1
460,503,1
460,436,1
460,394,1
460,370,1
460,502,1
460,79,1
460,461,1
460,456,1
460,478,1
460,479,1
460,371,1
461,460,1
462,431,1
462,345,1
462,991,1
462,441,1
462,691,1
462,393,1
462,1009,1
462,669,1
462,90,1
462,730,1
462,559,1
462,478,1
462,110,1
462,287,1
462,314,1
462,325,1
462,350,1
462,291,1
462,648,1
462,495,1
462,411,1
462,104,1
462,435,1
462,273,1
462,41,1
462,386,1
462,492,1
462,355,1
462,400,1
463,272,1
463,437,1
463,579,1
463,652,1
463,104,1
463,445,1
463,412,1
463,218,1
463,330,1
463,273,1
463,508,1
463,355,1
464,472,1
464,703,1
464,46,1
464,387,1
464,903,1
464,635,1
464,393,1
464,307,1
464,626,1
464,465,1
464,303,1
464,162,1
464,555,1
464,184,1
464,545,1
464,436,1
464,370,1
464,69,1
464,501,1
464,570,1
464,108,1
464,622,1
465,989,1
465,370,1
465,464,1
466,951,1
466,990,1
466,608,1
466,302,1
466,232,1
466,870,1
466,725,1
466,967,1
466,208,1
466,906,1
466,517,1
466,149,1
466,921,1
467,583,1
467,387,1
467,252,1
467,277,1
467,395,1
467,421,1
467,362,1
467,999,1
467,746,1
467,610,1
467,672,1
467,371,1
468,563,1
468,430,1
468,296,1
468,501,1
468,303,1
469,640,1
469,252,1
469,277,1
469,421,1
469,362,1
469,388,1
469,31,1
469,321,1
470,474,1
470,471,1
471,470,1
471,474,1
472,292,1
472,424,1
472,573,1
472,609,1
472,441,1
472,322,1
472,257,1
472,296,1
472,427,1
472,659,1
472,303,1
472,479,1
472,464,1
472,353,1
472,283,1
472,432,1
472,390,1
472,266,1
472,437,1
472,436,1
472,370,1
472,360,1
472,365,1
472,501,1
472,289,1
472,321,1
472,328,1
473,358,1
473,408,1
473,318,1
473,579,1
473,453,1
473,598,1
473,652,1
473,427,1
473,445,1
473,416,1
473,374,1
473,330,1
473,508,1
473,409,1
474,470,1
474,471,1
475,549,1
475,506,1
475,581,1
475,981,1
476,630,1
476,650,1
476,915,1
476,565,1
476,544,1
476,596,1
476,593,1
476,1006,1
477,481,1
477,261,1
477,299,1
477,32,1
477,637,1
477,260,1
477,58,1
477,305,1
478,287,1
478,283,1
478,686,1
478,390,1
478,573,1
478,405,1
478,563,1
478,291,1
478,704,1
478,453,1
478,460,1
478,274,1
478,777,1
478,692,1
478,456,1
478,462,1
479,472,1
479,417,1
479,390,1
479,266,1
479,350,1
479,325,1
479,441,1
479,503,1
479,436,1
479,322,1
479,370,1
479,434,1
479,1009,1
479,460,1
479,323,1
479,17,1
479,110,1
479,321,1
479,328,1
480,912,1
480,542,1
480,843,1
480,259,1
480,891,1
480,899,1
481,408,1
481,477,1
481,271,1
481,936,1
481,311,1
481,453,1
481,299,1
481,100,1
481,32,1
481,260,1
481,378,1
481,488,1
481,321,1
482,690,1
483,533,1
483,743,1
483,538,1
483,704,1
483,714,1
483,987,1
483,92,1
483,75,1
483,676,1
484,78,1
484,336,1
484,358,1
484,985,1
484,803,1
484,417,1
484,452,1
484,948,1
484,443,1
484,447,1
484,453,1
484,435,1
484,349,1
484,1009,1
484,273,1
484,540,1
484,493,1
484,90,1
484,323,1
484,705,1
484,378,1
484,498,1
484,258,1
485,280,1
485,372,1
485,45,1
485,815,1
485,910,1
486,850,1
486,962,1
486,888,1
486,881,1
487,431,1
487,350,1
487,442,1
487,261,1
487,299,1
487,797,1
487,581,1
487,58,1
487,338,1
487,305,1
488,481,1
488,397,1
488,424,1
488,359,1
488,704,1
488,311,1
488,453,1
488,813,1
488,79,1
488,637,1
488,101,1
488,378,1
488,321,1
488,305,1
489,945,1
489,560,1
489,861,1
489,610,1
489,809,1
489,895,1
489,337,1
489,590,1
489,664,1
490,252,1
490,640,1
490,359,1
490,362,1
490,537,1
490,705,1
491,496,1
491,260,1
491,494,1
492,314,1
492,720,1
492,417,1
492,357,1
492,348,1
492,439,1
492,411,1
492,1009,1
492,111,1
492,450,1
492,777,1
492,90,1
492,258,1
492,462,1
493,78,1
493,358,1
493,326,1
493,422,1
493,563,1
493,405,1
493,389,1
493,398,1
493,873,1
493,916,1
493,484,1
493,378,1
493,498,1
493,984,1
494,491,1
494,496,1
495,431,1
495,452,1
495,991,1
495,345,1
495,573,1
495,648,1
495,691,1
495,394,1
495,104,1
495,445,1
495,157,1
495,281,1
495,323,1
495,41,1
495,730,1
495,355,1
495,217,1
495,559,1
495,462,1
496,491,1
496,494,1
497,143,1
497,592,1
497,109,1
497,296,1
497,812,1
497,150,1
497,928,1
497,316,1
497,289,1
497,659,1
497,303,1
497,338,1
497,401,1
498,358,1
498,326,1
498,422,1
498,849,1
498,389,1
498,398,1
498,255,1
498,443,1
498,396,1
498,430,1
498,307,1
498,274,1
498,493,1
498,289,1
498,484,1
498,378,1
498,373,1
498,984,1
499,742,1
499,941,1
499,841,1
499,562,1
499,968,1
499,835,1
500,826,1
500,253,1
500,888,1
501,472,1
501,390,1
501,405,1
501,563,1
501,325,1
501,468,1
501,442,1
501,436,1
501,296,1
501,450,1
501,836,1
501,425,1
501,303,1
501,260,1
501,338,1
501,464,1
502,325,1
502,503,1
502,436,1
502,370,1
502,411,1
502,331,1
502,427,1
502,460,1
502,330,1
502,745,1
503,551,1
503,390,1
503,134,1
503,325,1
503,436,1
503,370,1
503,502,1
503,411,1
503,331,1
503,427,1
503,460,1
503,1009,1
503,330,1
503,988,1
503,797,1
503,30,1
503,456,1
503,479,1
503,110,1
503,805,1
503,328,1
504,516,1
504,524,1
504,783,1
504,998,1
504,751,1
505,938,1
505,990,1
505,308,1
505,315,1
505,569,1
505,601,1
505,691,1
505,557,1
505,679,1
505,678,1
505,722,1
505,881,1
506,527,1
506,850,1
506,549,1
506,601,1
506,454,1
506,538,1
506,796,1
506,475,1
506,535,1
506,962,1
506,593,1
506,270,1
506,881,1
506,766,1
506,264,1
507,5,1
507,57,1
508,473,1
508,408,1
508,272,1
508,441,1
508,463,1
508,579,1
508,652,1
508,427,1
508,412,1
508,218,1
508,1009,1
508,374,1
508,273,1
508,682,1
508,425,1
508,58,1
508,751,1
508,129,1
508,409,1
935,160,1
935,938,1
935,849,1
935,126,1
935,315,1
935,530,1
935,284,1
935,1007,1
935,391,1
935,212,1
935,334,1
935,290,1
940,946,1
940,929,1
940,954,1
940,936,1
940,994,1
940,915,1
940,591,1
940,606,1
940,593,1
511,795,1
511,977,1
511,929,1
511,560,1
511,866,1
511,650,1
511,936,1
511,775,1
511,565,1
511,979,1
511,679,1
511,863,1
511,410,1
949,724,1
949,742,1
949,851,1
949,941,1
949,372,1
949,412,1
949,801,1
949,164,1
949,148,1
949,769,1
949,835,1
513,912,1
513,600,1
513,734,1
513,995,1
513,687,1
513,1007,1
513,623,1
513,327,1
513,904,1
984,408,1
984,686,1
984,424,1
984,422,1
984,389,1
984,398,1
984,430,1
984,659,1
984,378,1
984,498,1
984,587,1
984,409,1
984,588,1
984,437,1
984,396,1
984,317,1
984,704,1
984,365,1
984,403,1
984,273,1
984,997,1
984,493,1
984,289,1
984,448,1
515,444,1
515,912,1
515,734,1
515,569,1
515,1007,1
515,623,1
515,784,1
515,843,1
515,339,1
515,848,1
515,225,1
515,899,1
515,622,1
516,524,1
516,12,1
516,504,1
517,978,1
517,466,1
517,415,1
517,672,1
517,700,1
517,745,1
517,706,1
517,270,1
517,739,1
518,783,1
518,944,1
518,597,1
518,746,1
518,905,1
518,908,1
518,106,1
518,544,1
518,891,1
518,744,1
518,894,1
519,1005,1
519,600,1
519,763,1
519,566,1
519,890,1
519,995,1
519,687,1
519,623,1
519,327,1
519,339,1
519,700,1
519,354,1
519,11,1
519,1006,1
519,727,1
520,677,1
520,278,1
520,300,1
520,710,1
520,755,1
520,53,1
521,708,1
521,990,1
521,315,1
521,163,1
521,571,1
521,840,1
521,878,1
522,620,1
522,170,1
522,675,1
522,625,1
929,977,1
929,61,1
929,276,1
929,561,1
929,650,1
929,841,1
929,710,1
929,936,1
929,861,1
929,994,1
929,775,1
929,915,1
929,511,1
929,565,1
929,940,1
929,979,1
929,333,1
929,679,1
929,596,1
524,516,1
524,504,1
525,851,1
525,548,1
525,354,1
880,868,1
527,850,1
527,990,1
527,506,1
527,601,1
527,538,1
527,725,1
527,967,1
527,665,1
527,796,1
527,962,1
527,270,1
527,881,1
527,766,1
528,238,1
529,624,1
529,585,1
529,942,1
529,530,1
529,691,1
529,648,1
529,804,1
529,584,1
529,910,1
530,624,1
530,795,1
530,529,1
530,551,1
530,620,1
530,991,1
530,202,1
530,849,1
530,126,1
530,648,1
530,691,1
530,284,1
530,537,1
530,212,1
530,935,1
530,106,1
530,675,1
530,804,1
530,625,1
530,294,1
530,576,1
530,835,1
531,1005,1
531,890,1
531,12,1
531,547,1
531,996,1
531,562,1
531,932,1
531,673,1
532,912,1
532,974,1
532,560,1
532,770,1
532,650,1
532,994,1
532,861,1
532,103,1
532,848,1
532,679,1
532,410,1
532,102,1
532,957,1
533,332,1
533,578,1
533,545,1
533,566,1
533,483,1
533,259,1
533,899,1
533,719,1
533,676,1
534,26,1
535,366,1
535,506,1
535,315,1
535,123,1
535,304,1
535,852,1
535,337,1
535,264,1
536,951,1
536,375,1
536,275,1
536,594,1
536,812,1
536,679,1
537,358,1
537,326,1
537,490,1
537,422,1
537,777,1
537,730,1
537,559,1
537,624,1
537,432,1
537,640,1
537,83,1
537,666,1
537,277,1
537,530,1
537,255,1
537,362,1
537,48,1
537,355,1
537,294,1
537,371,1
538,527,1
538,720,1
538,417,1
538,506,1
538,454,1
538,714,1
538,92,1
538,483,1
538,117,1
538,694,1
538,613,1
538,270,1
538,881,1
538,766,1
941,742,1
941,945,1
941,720,1
941,951,1
941,499,1
941,851,1
941,949,1
941,841,1
941,92,1
941,117,1
941,905,1
941,928,1
941,908,1
941,874,1
941,316,1
941,550,1
941,968,1
941,932,1
941,694,1
941,613,1
941,835,1
540,358,1
540,326,1
540,418,1
540,1010,1
540,292,1
540,588,1
540,389,1
540,96,1
540,443,1
540,317,1
540,430,1
540,145,1
540,71,1
540,435,1
540,484,1
540,320,1
540,805,1
993,81,1
993,36,1
993,197,1
993,246,1
993,10,1
993,172,1
993,120,1
993,132,1
993,39,1
993,167,1
993,16,1
993,107,1
993,13,1
993,73,1
993,182,1
993,52,1
993,131,1
993,82,1
993,95,1
993,838,1
542,912,1
542,480,1
542,843,1
542,848,1
542,334,1
542,891,1
542,899,1
543,569,1
543,87,1
543,92,1
543,117,1
543,557,1
543,738,1
543,590,1
544,945,1
544,850,1
544,650,1
544,841,1
544,597,1
544,565,1
544,905,1
544,908,1
544,106,1
544,675,1
544,476,1
544,93,1
544,891,1
544,518,1
544,895,1
544,91,1
544,678,1
544,957,1
545,703,1
545,46,1
545,184,1
545,578,1
545,397,1
545,903,1
545,533,1
545,24,1
545,10,1
545,69,1
545,393,1
545,830,1
545,307,1
545,626,1
545,363,1
545,82,1
545,918,1
545,223,1
545,176,1
545,737,1
545,622,1
545,162,1
545,464,1
546,857,1
546,943,1
547,531,1
547,964,1
547,866,1
547,413,1
547,623,1
547,53,1
547,700,1
547,877,1
547,306,1
548,708,1
548,315,1
548,525,1
549,160,1
549,506,1
549,787,1
549,796,1
549,475,1
549,778,1
550,314,1
550,573,1
550,405,1
550,381,1
550,941,1
550,255,1
550,362,1
550,117,1
550,299,1
550,116,1
550,79,1
550,986,1
550,613,1
550,692,1
550,805,1
550,835,1
551,795,1
551,985,1
551,202,1
551,252,1
551,849,1
551,811,1
551,325,1
551,503,1
551,530,1
551,988,1
551,106,1
551,675,1
551,682,1
551,797,1
551,705,1
551,456,1
551,576,1
551,305,1
551,835,1
552,980,1
552,809,1
552,265,1
977,929,1
977,851,1
977,276,1
977,324,1
977,759,1
977,954,1
977,561,1
977,841,1
977,870,1
977,936,1
977,994,1
977,915,1
977,511,1
977,755,1
977,979,1
977,877,1
977,931,1
977,593,1
554,377,1
554,105,1
554,22,1
554,246,1
554,181,1
554,182,1
554,93,1
554,99,1
555,184,1
555,86,1
555,445,1
555,108,1
555,162,1
555,464,1
556,436,1
556,689,1
556,716,1
556,581,1
556,425,1
556,751,1
557,720,1
557,250,1
557,166,1
557,308,1
557,569,1
557,87,1
557,543,1
557,92,1
557,117,1
557,607,1
557,505,1
557,33,1
557,93,1
557,693,1
557,119,1
557,738,1
980,59,1
980,951,1
980,974,1
980,343,1
980,994,1
980,972,1
980,809,1
980,906,1
980,891,1
980,347,1
980,552,1
980,1,1
980,835,1
559,287,1
559,286,1
559,283,1
559,431,1
559,452,1
559,991,1
559,441,1
559,291,1
559,495,1
559,537,1
559,411,1
559,157,1
559,89,1
559,730,1
559,269,1
559,355,1
559,462,1
560,795,1
560,945,1
560,489,1
560,974,1
560,990,1
560,866,1
560,601,1
560,650,1
560,775,1
560,994,1
560,861,1
560,511,1
560,979,1
560,679,1
560,863,1
560,738,1
560,590,1
560,532,1
560,410,1
560,957,1
561,977,1
561,929,1
561,710,1
561,675,1
561,333,1
561,596,1
561,593,1
562,1005,1
562,499,1
562,750,1
562,531,1
562,890,1
562,996,1
562,706,1
562,683,1
563,624,1
563,390,1
563,405,1
563,325,1
563,468,1
563,873,1
563,436,1
563,635,1
563,430,1
563,145,1
563,296,1
563,493,1
563,501,1
563,354,1
563,425,1
563,303,1
563,338,1
563,478,1
564,624,1
564,432,1
564,991,1
564,849,1
564,284,1
564,360,1
564,393,1
564,730,1
564,373,1
564,294,1
565,929,1
565,205,1
565,893,1
565,870,1
565,841,1
565,936,1
565,994,1
565,511,1
565,544,1
565,891,1
565,596,1
565,863,1
565,765,1
565,618,1
565,912,1
565,341,1
565,650,1
565,775,1
565,979,1
565,476,1
565,93,1
565,679,1
565,814,1
565,957,1
566,989,1
566,199,1
566,677,1
566,578,1
566,686,1
566,533,1
566,890,1
566,519,1
566,719,1
566,732,1
566,638,1
1009,441,1
1009,609,1
1009,503,1
1009,434,1
1009,349,1
1009,669,1
1009,111,1
1009,777,1
1009,484,1
1009,462,1
1009,479,1
1009,110,1
1009,78,1
1009,266,1
1009,437,1
1009,435,1
1009,331,1
1009,218,1
1009,1002,1
1009,273,1
1009,323,1
1009,492,1
1009,508,1
1009,258,1
1009,129,1
1009,328,1
899,444,1
899,912,1
899,542,1
899,533,1
899,710,1
899,480,1
899,784,1
899,104,1
899,254,1
899,843,1
899,848,1
899,259,1
899,891,1
899,82,1
899,676,1
899,217,1
899,515,1
899,220,1
569,912,1
569,308,1
569,734,1
569,543,1
569,1007,1
569,92,1
569,623,1
569,117,1
569,557,1
569,607,1
569,505,1
569,339,1
569,33,1
569,700,1
569,738,1
569,515,1
569,739,1
570,46,1
570,405,1
570,960,1
570,325,1
570,635,1
570,633,1
570,393,1
570,307,1
570,674,1
570,626,1
570,330,1
570,637,1
570,162,1
570,464,1
570,305,1
571,521,1
951,742,1
951,945,1
951,990,1
951,619,1
951,275,1
951,980,1
951,536,1
951,893,1
951,941,1
951,466,1
951,870,1
951,594,1
951,809,1
951,812,1
951,906,1
951,863,1
951,694,1
951,921,1
951,835,1
573,472,1
573,991,1
573,452,1
573,424,1
573,398,1
573,430,1
573,393,1
573,330,1
573,157,1
573,274,1
573,659,1
573,730,1
573,918,1
573,478,1
573,624,1
573,283,1
573,314,1
573,266,1
573,390,1
573,381,1
573,255,1
573,437,1
573,648,1
573,495,1
573,145,1
573,360,1
573,403,1
573,550,1
573,89,1
573,805,1
992,837,1
963,965,1
963,283,1
963,991,1
963,961,1
963,966,1
576,795,1
576,551,1
576,105,1
576,126,1
576,644,1
576,181,1
576,70,1
576,212,1
576,111,1
576,182,1
576,174,1
576,675,1
576,934,1
576,835,1
576,945,1
576,202,1
576,849,1
576,530,1
576,246,1
576,687,1
576,746,1
576,165,1
576,113,1
576,240,1
576,29,1
576,610,1
576,874,1
576,48,1
576,106,1
576,131,1
576,37,1
981,171,1
981,990,1
981,826,1
981,109,1
981,716,1
981,725,1
981,475,1
981,1,1
981,962,1
578,703,1
578,545,1
578,136,1
578,134,1
578,566,1
578,533,1
578,339,1
578,719,1
578,223,1
578,11,1
578,934,1
579,473,1
579,408,1
579,358,1
579,318,1
579,424,1
579,272,1
579,441,1
579,443,1
579,430,1
579,427,1
579,374,1
579,659,1
579,409,1
579,690,1
579,287,1
579,283,1
579,463,1
579,145,1
579,652,1
579,71,1
579,412,1
579,508,1
579,400,1
974,989,1
974,276,1
974,980,1
974,560,1
974,650,1
974,103,1
974,994,1
974,861,1
974,878,1
974,679,1
974,891,1
974,532,1
974,622,1
974,410,1
974,957,1
581,457,1
581,556,1
581,261,1
581,12,1
581,453,1
581,815,1
581,475,1
581,797,1
581,386,1
581,487,1
582,654,1
582,989,1
582,660,1
582,149,1
582,32,1
582,253,1
582,678,1
582,351,1
582,622,1
583,81,1
583,686,1
583,395,1
583,284,1
583,999,1
583,165,1
583,672,1
583,656,1
583,596,1
583,467,1
583,269,1
583,4,1
584,529,1
584,648,1
584,691,1
584,627,1
585,698,1
585,529,1
585,720,1
585,699,1
585,928,1
585,804,1
585,895,1
586,848,1
586,891,1
587,703,1
587,620,1
587,424,1
587,317,1
587,247,1
587,874,1
587,116,1
587,782,1
587,28,1
587,659,1
587,386,1
587,223,1
587,984,1
588,326,1
588,324,1
588,292,1
588,437,1
588,181,1
588,704,1
588,365,1
588,540,1
588,659,1
588,52,1
588,82,1
588,217,1
588,984,1
588,320,1
914,80,1
914,250,1
914,944,1
914,56,1
914,69,1
914,8,1
914,16,1
914,983,1
914,240,1
914,107,1
914,196,1
914,823,1
914,164,1
914,51,1
914,918,1
914,128,1
914,2,1
590,795,1
590,945,1
590,489,1
590,560,1
590,87,1
590,543,1
590,870,1
590,861,1
590,775,1
590,610,1
590,337,1
590,738,1
590,410,1
591,332,1
591,940,1
591,310,1
591,606,1
591,593,1
591,729,1
592,205,1
592,419,1
592,144,1
592,167,1
592,212,1
592,843,1
592,815,1
592,497,1
592,401,1
593,977,1
593,205,1
593,324,1
593,759,1
593,954,1
593,506,1
593,561,1
593,866,1
593,940,1
593,476,1
593,596,1
593,877,1
593,591,1
593,895,1
593,729,1
593,931,1
593,881,1
593,765,1
594,945,1
594,951,1
594,536,1
594,893,1
594,635,1
967,527,1
967,688,1
967,302,1
967,163,1
967,696,1
967,466,1
967,232,1
967,725,1
967,840,1
967,251,1
967,857,1
967,740,1
967,149,1
967,921,1
967,678,1
967,917,1
967,788,1
596,929,1
596,561,1
596,893,1
596,995,1
596,726,1
596,915,1
596,565,1
596,812,1
596,656,1
596,719,1
596,593,1
596,332,1
596,583,1
596,989,1
596,715,1
596,630,1
596,650,1
596,775,1
596,476,1
596,679,1
596,258,1
596,1006,1
596,410,1
597,945,1
597,850,1
597,851,1
597,841,1
597,905,1
597,908,1
597,544,1
597,106,1
597,675,1
597,801,1
597,518,1
597,625,1
598,473,1
598,408,1
598,318,1
598,374,1
598,777,1
598,975,1
1000,210,1
1000,96,1
1000,944,1
1000,203,1
1000,86,1
1000,169,1
1000,5,1
1000,674,1
1000,29,1
1000,626,1
1000,25,1
1000,684,1
1000,66,1
1000,882,1
1000,98,1
600,763,1
600,734,1
600,687,1
600,623,1
600,519,1
600,446,1
600,736,1
600,727,1
600,513,1
601,616,1
601,708,1
601,527,1
601,938,1
601,990,1
601,315,1
601,506,1
601,560,1
601,319,1
601,665,1
601,505,1
601,863,1
601,888,1
601,962,1
601,290,1
601,722,1
601,881,1
1007,1005,1
1007,912,1
1007,444,1
1007,851,1
1007,763,1
1007,734,1
1007,569,1
1007,687,1
1007,623,1
1007,784,1
1007,935,1
1007,339,1
1007,906,1
1007,848,1
1007,733,1
1007,334,1
1007,863,1
1007,351,1
1007,515,1
1007,513,1
1007,957,1
989,974,1
989,276,1
989,566,1
989,650,1
989,582,1
989,465,1
989,596,1
989,891,1
989,719,1
989,732,1
989,335,1
989,351,1
989,622,1
989,957,1
918,545,1
918,573,1
918,165,1
918,439,1
918,16,1
918,403,1
918,111,1
918,914,1
918,805,1
918,448,1
898,978,1
898,619,1
898,942,1
898,415,1
898,998,1
898,671,1
898,939,1
898,706,1
898,758,1
898,727,1
898,646,1
898,910,1
898,313,1
606,715,1
606,27,1
606,915,1
606,940,1
606,591,1
606,729,1
607,366,1
607,569,1
607,457,1
607,557,1
607,33,1
607,700,1
607,738,1
607,722,1
608,616,1
608,340,1
608,302,1
608,466,1
608,678,1
608,722,1
609,472,1
609,266,1
609,396,1
609,317,1
609,257,1
609,434,1
609,1009,1
609,164,1
609,328,1
609,353,1
610,945,1
610,489,1
610,387,1
610,126,1
610,395,1
610,746,1
610,212,1
610,928,1
610,106,1
610,675,1
610,467,1
610,731,1
610,590,1
610,37,1
610,576,1
930,926,1
930,927,1
930,752,1
612,654,1
612,390,1
612,436,1
612,439,1
612,411,1
612,403,1
612,450,1
612,448,1
613,720,1
613,417,1
613,357,1
613,941,1
613,726,1
613,538,1
613,92,1
613,117,1
613,155,1
613,550,1
613,32,1
614,418,1
614,360,1
932,59,1
932,844,1
932,531,1
932,941,1
932,696,1
932,996,1
932,327,1
932,316,1
932,310,1
932,731,1
932,729,1
616,695,1
616,608,1
616,315,1
616,601,1
616,319,1
616,732,1
616,706,1
616,722,1
994,977,1
994,929,1
994,276,1
994,974,1
994,341,1
994,980,1
994,560,1
994,841,1
994,861,1
994,123,1
994,915,1
994,565,1
994,940,1
994,979,1
994,333,1
994,679,1
994,891,1
994,532,1
994,410,1
994,835,1
994,957,1
618,565,1
618,908,1
618,0,1
618,675,1
619,898,1
619,951,1
619,998,1
619,354,1
619,758,1
619,835,1
620,21,1
620,424,1
620,522,1
620,849,1
620,312,1
620,398,1
620,7,1
620,530,1
620,120,1
620,170,1
620,216,1
620,675,1
620,659,1
620,386,1
620,752,1
620,625,1
620,77,1
620,587,1
620,409,1
917,695,1
917,302,1
917,967,1
917,140,1
917,921,1
917,788,1
917,646,1
622,985,1
622,46,1
622,903,1
622,667,1
622,393,1
622,62,1
622,878,1
622,626,1
622,719,1
622,82,1
622,351,1
622,162,1
622,464,1
622,444,1
622,184,1
622,989,1
622,545,1
622,974,1
622,22,1
622,650,1
622,69,1
622,582,1
622,879,1
622,91,1
622,515,1
623,912,1
623,444,1
623,600,1
623,783,1
623,964,1
623,734,1
623,569,1
623,1007,1
623,784,1
623,547,1
623,327,1
623,519,1
623,339,1
623,700,1
623,334,1
623,306,1
623,515,1
623,513,1
624,529,1
624,432,1
624,573,1
624,405,1
624,563,1
624,122,1
624,530,1
624,437,1
624,24,1
624,648,1
624,284,1
624,537,1
624,104,1
624,393,1
624,289,1
624,41,1
624,564,1
624,373,1
624,294,1
624,220,1
625,620,1
625,522,1
625,312,1
625,7,1
625,530,1
625,691,1
625,597,1
625,170,1
625,908,1
625,675,1
625,77,1
625,683,1
625,973,1
626,703,1
626,46,1
626,175,1
626,903,1
626,86,1
626,133,1
626,137,1
626,393,1
626,132,1
626,307,1
626,692,1
626,19,1
626,162,1
626,464,1
626,798,1
626,184,1
626,545,1
626,24,1
626,69,1
626,94,1
626,684,1
626,1000,1
626,243,1
626,570,1
626,176,1
626,622,1
627,59,1
627,278,1
627,300,1
627,972,1
627,905,1
627,809,1
627,584,1
983,191,1
983,234,1
983,55,1
983,8,1
983,71,1
983,914,1
983,51,1
942,724,1
942,529,1
942,898,1
942,978,1
942,709,1
942,415,1
942,801,1
942,804,1
942,671,1
942,745,1
942,939,1
942,706,1
942,727,1
942,646,1
630,61,1
630,36,1
630,915,1
630,39,1
630,132,1
630,167,1
630,476,1
630,93,1
630,596,1
630,4,1
630,249,1
631,259,1
631,694,1
631,110,1
632,367,1
632,324,1
632,375,1
632,759,1
632,866,1
632,369,1
632,877,1
632,931,1
633,272,1
633,441,1
633,385,1
633,570,1
633,400,1
985,551,1
985,903,1
985,252,1
985,447,1
985,146,1
985,90,1
985,91,1
985,705,1
985,484,1
985,622,1
985,456,1
635,418,1
635,345,1
635,563,1
635,594,1
635,570,1
635,173,1
635,303,1
635,464,1
636,255,1
636,434,1
636,150,1
636,342,1
637,405,1
637,477,1
637,261,1
637,311,1
637,453,1
637,813,1
637,797,1
637,570,1
637,488,1
637,321,1
637,305,1
638,764,1
638,677,1
638,199,1
638,566,1
638,890,1
638,732,1
916,286,1
916,184,1
916,873,1
916,493,1
916,730,1
916,269,1
916,355,1
916,77,1
916,409,1
640,490,1
640,387,1
640,955,1
640,686,1
640,252,1
640,469,1
640,277,1
640,255,1
640,84,1
640,421,1
640,359,1
640,362,1
640,537,1
640,388,1
640,342,1
640,705,1
640,31,1
640,355,1
640,456,1
905,59,1
905,945,1
905,850,1
905,941,1
905,597,1
905,972,1
905,809,1
905,908,1
905,544,1
905,627,1
905,518,1
905,772,1
905,694,1
905,962,1
905,664,1
905,102,1
642,795,1
642,24,1
642,41,1
921,951,1
921,990,1
921,695,1
921,302,1
921,869,1
921,319,1
921,660,1
921,466,1
921,870,1
921,725,1
921,967,1
921,857,1
921,906,1
921,701,1
921,344,1
921,149,1
921,731,1
921,678,1
921,917,1
921,910,1
644,105,1
644,687,1
644,576,1
645,246,1
645,84,1
645,144,1
645,182,1
645,226,1
646,724,1
646,898,1
646,942,1
646,140,1
646,415,1
646,672,1
646,801,1
646,671,1
646,807,1
646,745,1
646,939,1
646,727,1
646,765,1
646,917,1
646,313,1
990,160,1
990,708,1
990,938,1
990,205,1
990,870,1
990,716,1
990,118,1
990,878,1
990,906,1
990,733,1
990,863,1
990,521,1
990,981,1
990,888,1
990,881,1
990,951,1
990,527,1
990,826,1
990,560,1
990,601,1
990,866,1
990,466,1
990,725,1
990,857,1
990,665,1
990,505,1
990,921,1
990,678,1
990,722,1
648,624,1
648,529,1
648,573,1
648,991,1
648,530,1
648,691,1
648,495,1
648,157,1
648,584,1
648,462,1
649,105,1
649,379,1
650,929,1
650,893,1
650,841,1
650,861,1
650,511,1
650,565,1
650,959,1
650,878,1
650,812,1
650,544,1
650,596,1
650,719,1
650,863,1
650,335,1
650,989,1
650,974,1
650,341,1
650,560,1
650,866,1
650,775,1
650,476,1
650,679,1
650,895,1
650,532,1
650,622,1
650,410,1
650,957,1
651,114,1
651,56,1
651,70,1
652,473,1
652,272,1
652,463,1
652,579,1
652,453,1
652,427,1
652,374,1
652,273,1
652,426,1
652,508,1
652,400,1
652,409,1
934,578,1
934,136,1
934,202,1
934,375,1
934,134,1
934,172,1
934,120,1
934,165,1
934,240,1
934,111,1
934,48,1
934,131,1
934,889,1
934,576,1
654,202,1
654,822,1
654,781,1
654,322,1
654,139,1
654,244,1
654,239,1
654,67,1
654,15,1
654,5,1
654,612,1
654,221,1
654,247,1
654,582,1
654,94,1
654,57,1
654,41,1
654,6,1
654,351,1
654,30,1
966,965,1
966,963,1
966,961,1
656,583,1
656,686,1
656,948,1
656,672,1
656,596,1
953,190,1
953,34,1
953,385,1
953,697,1
953,458,1
953,987,1
953,227,1
953,29,1
953,3,1
953,388,1
953,75,1
953,88,1
953,685,1
953,115,1
975,92,1
975,598,1
975,151,1
659,472,1
659,620,1
659,408,1
659,424,1
659,573,1
659,296,1
659,376,1
659,116,1
659,330,1
659,378,1
659,587,1
659,409,1
659,353,1
659,283,1
659,266,1
659,588,1
659,437,1
659,704,1
659,579,1
659,360,1
659,365,1
659,289,1
659,984,1
659,751,1
659,328,1
659,497,1
660,319,1
660,725,1
660,429,1
660,582,1
660,149,1
660,921,1
660,678,1
660,54,1
661,370,1
661,439,1
661,363,1
662,844,1
662,943,1
662,731,1
1004,819,1
1004,447,1
1004,394,1
1004,139,1
1004,67,1
664,945,1
664,489,1
664,866,1
664,972,1
664,905,1
664,809,1
664,931,1
664,404,1
665,527,1
665,938,1
665,990,1
665,601,1
665,797,1
666,537,1
666,299,1
666,58,1
667,429,1
667,82,1
667,622,1
964,623,1
964,15,1
964,547,1
964,700,1
964,53,1
964,778,1
964,306,1
964,739,1
669,397,1
669,441,1
669,1009,1
669,111,1
669,273,1
669,462,1
991,431,1
991,573,1
991,452,1
991,441,1
991,691,1
991,393,1
991,730,1
991,559,1
991,462,1
991,283,1
991,266,1
991,963,1
991,530,1
991,696,1
991,284,1
991,648,1
991,495,1
991,145,1
991,403,1
991,997,1
991,564,1
991,294,1
991,753,1
991,448,1
671,933,1
671,898,1
671,703,1
671,105,1
671,942,1
671,944,1
671,415,1
671,672,1
671,106,1
671,782,1
671,939,1
671,727,1
671,646,1
672,978,1
672,583,1
672,715,1
672,300,1
672,726,1
672,687,1
672,999,1
672,140,1
672,415,1
672,656,1
672,467,1
672,671,1
672,745,1
672,517,1
672,939,1
672,706,1
672,1006,1
672,4,1
672,727,1
672,646,1
673,531,1
673,840,1
674,199,1
674,210,1
674,1000,1
674,231,1
674,41,1
674,570,1
674,939,1
674,176,1
674,220,1
675,795,1
675,945,1
675,620,1
675,551,1
675,522,1
675,849,1
675,126,1
675,561,1
675,530,1
675,597,1
675,746,1
675,170,1
675,70,1
675,610,1
675,106,1
675,544,1
675,625,1
675,37,1
675,576,1
675,618,1
675,263,1
675,835,1
676,533,1
676,784,1
676,483,1
676,259,1
676,899,1
677,278,1
677,199,1
677,566,1
677,890,1
677,300,1
677,27,1
677,520,1
677,53,1
677,732,1
677,638,1
678,367,1
678,691,1
678,747,1
678,943,1
678,208,1
678,740,1
678,544,1
678,701,1
678,148,1
678,788,1
678,850,1
678,990,1
678,608,1
678,826,1
678,302,1
678,660,1
678,372,1
678,725,1
678,967,1
678,414,1
678,857,1
678,505,1
678,582,1
678,908,1
678,149,1
678,921,1
678,739,1
678,910,1
678,969,1
679,929,1
679,536,1
679,893,1
679,841,1
679,936,1
679,994,1
679,861,1
679,915,1
679,511,1
679,565,1
679,812,1
679,596,1
679,863,1
679,835,1
679,974,1
679,560,1
679,650,1
679,710,1
679,775,1
679,979,1
679,505,1
679,532,1
679,410,1
679,957,1
680,377,1
680,181,1
681,833,1
681,439,1
681,254,1
681,295,1
681,351,1
681,328,1
682,314,1
682,551,1
682,202,1
682,272,1
682,441,1
682,385,1
682,1002,1
682,111,1
682,508,1
682,102,1
683,312,1
683,996,1
683,562,1
683,625,1
683,77,1
684,798,1
684,24,1
684,86,1
684,137,1
684,133,1
684,47,1
684,626,1
684,1000,1
684,692,1
684,176,1
684,685,1
684,19,1
685,440,1
685,697,1
685,458,1
685,388,1
685,297,1
685,684,1
685,243,1
685,75,1
685,335,1
685,953,1
685,88,1
686,583,1
686,390,1
686,640,1
686,405,1
686,566,1
686,398,1
686,277,1
686,255,1
686,359,1
686,396,1
686,395,1
686,416,1
686,274,1
686,342,1
686,656,1
686,159,1
686,705,1
686,692,1
686,269,1
686,984,1
686,456,1
686,478,1
686,371,1
687,600,1
687,715,1
687,419,1
687,644,1
687,995,1
687,726,1
687,1007,1
687,519,1
687,672,1
687,848,1
687,155,1
687,904,1
687,1006,1
687,576,1
687,513,1
688,960,1
688,725,1
688,967,1
688,124,1
688,701,1
688,807,1
688,354,1
689,903,1
689,960,1
689,556,1
689,69,1
689,393,1
689,722,1
689,753,1
689,162,1
690,443,1
690,579,1
690,145,1
690,972,1
690,809,1
690,482,1
690,931,1
690,410,1
690,404,1
691,529,1
691,991,1
691,869,1
691,530,1
691,648,1
691,495,1
691,414,1
691,505,1
691,928,1
691,316,1
691,804,1
691,584,1
691,625,1
691,731,1
691,678,1
691,462,1
691,910,1
692,686,1
692,390,1
692,405,1
692,396,1
692,86,1
692,137,1
692,47,1
692,117,1
692,626,1
692,416,1
692,274,1
692,684,1
692,550,1
692,269,1
692,19,1
692,478,1
693,336,1
693,803,1
693,252,1
693,308,1
693,948,1
693,447,1
693,92,1
693,117,1
693,557,1
693,450,1
693,323,1
693,738,1
694,945,1
694,951,1
694,941,1
694,538,1
694,92,1
694,905,1
694,874,1
694,968,1
694,631,1
694,223,1
694,739,1
695,616,1
695,319,1
695,344,1
695,921,1
695,722,1
695,753,1
695,917,1
696,402,1
696,991,1
696,105,1
696,246,1
696,251,1
696,967,1
696,740,1
696,932,1
696,176,1
696,753,1
696,788,1
696,102,1
697,205,1
697,960,1
697,734,1
697,704,1
697,458,1
697,12,1
697,388,1
697,297,1
697,243,1
697,177,1
697,895,1
697,953,1
697,75,1
697,735,1
697,88,1
697,685,1
698,699,1
698,585,1
698,707,1
698,702,1
699,698,1
699,585,1
699,319,1
699,707,1
699,702,1
700,978,1
700,783,1
700,964,1
700,569,1
700,623,1
700,15,1
700,547,1
700,519,1
700,339,1
700,607,1
700,329,1
700,33,1
700,517,1
700,306,1
700,1006,1
700,739,1
700,894,1
701,688,1
701,725,1
701,208,1
701,149,1
701,91,1
701,921,1
701,678,1
701,969,1
702,698,1
702,699,1
702,707,1
703,545,1
703,578,1
703,105,1
703,987,1
703,626,1
703,94,1
703,782,1
703,28,1
703,671,1
703,744,1
703,223,1
703,587,1
703,464,1
704,588,1
704,960,1
704,437,1
704,697,1
704,359,1
704,458,1
704,453,1
704,365,1
704,483,1
704,388,1
704,659,1
704,75,1
704,173,1
704,488,1
704,984,1
704,751,1
704,478,1
704,321,1
705,985,1
705,551,1
705,490,1
705,686,1
705,452,1
705,640,1
705,252,1
705,277,1
705,255,1
705,447,1
705,364,1
705,359,1
705,362,1
705,342,1
705,90,1
705,484,1
705,456,1
705,371,1
706,616,1
706,978,1
706,898,1
706,942,1
706,890,1
706,996,1
706,415,1
706,672,1
706,562,1
706,517,1
706,745,1
706,939,1
706,722,1
707,698,1
707,699,1
707,702,1
708,844,1
708,990,1
708,205,1
708,315,1
708,601,1
708,866,1
708,840,1
708,878,1
708,943,1
708,733,1
708,548,1
708,521,1
709,942,1
709,415,1
709,801,1
709,939,1
709,727,1
710,929,1
710,83,1
710,561,1
710,784,1
710,104,1
710,520,1
710,53,1
710,679,1
710,899,1
710,895,1
710,217,1
710,220,1
711,713,1
711,712,1
711,717,1
712,126,1
712,713,1
712,717,1
712,711,1
713,712,1
713,717,1
713,711,1
714,743,1
714,181,1
714,538,1
714,716,1
714,483,1
714,740,1
715,995,1
715,726,1
715,687,1
715,915,1
715,672,1
715,596,1
715,606,1
715,1006,1
716,833,1
716,990,1
716,556,1
716,714,1
716,981,1
717,713,1
717,712,1
717,711,1
718,723,1
718,721,1
719,332,1
719,989,1
719,578,1
719,566,1
719,533,1
719,893,1
719,650,1
719,3,1
719,596,1
719,335,1
719,11,1
719,622,1
720,585,1
720,417,1
720,941,1
720,538,1
720,92,1
720,117,1
720,331,1
720,557,1
720,155,1
720,242,1
720,492,1
720,613,1
720,258,1
721,723,1
721,718,1
721,956,1
722,616,1
722,938,1
722,990,1
722,695,1
722,608,1
722,960,1
722,308,1
722,319,1
722,601,1
722,689,1
722,607,1
722,505,1
722,863,1
722,706,1
723,721,1
723,718,1
724,949,1
724,954,1
724,942,1
724,801,1
724,646,1
725,688,1
725,527,1
725,990,1
725,826,1
725,302,1
725,660,1
725,319,1
725,466,1
725,232,1
725,967,1
725,857,1
725,208,1
725,701,1
725,740,1
725,149,1
725,921,1
725,678,1
725,981,1
725,54,1
725,739,1
725,788,1
725,969,1
726,126,1
726,715,1
726,419,1
726,687,1
726,212,1
726,672,1
726,155,1
726,596,1
726,613,1
726,1006,1
727,1005,1
727,898,1
727,933,1
727,709,1
727,600,1
727,763,1
727,942,1
727,890,1
727,519,1
727,415,1
727,672,1
727,998,1
727,801,1
727,671,1
727,745,1
727,939,1
727,220,1
727,646,1
729,332,1
729,27,1
729,284,1
729,310,1
729,591,1
729,932,1
729,606,1
729,593,1
730,286,1
730,431,1
730,418,1
730,449,1
730,432,1
730,452,1
730,573,1
730,345,1
730,991,1
730,72,1
730,441,1
730,495,1
730,916,1
730,537,1
730,157,1
730,386,1
730,564,1
730,89,1
730,355,1
730,559,1
730,294,1
730,462,1
731,844,1
731,826,1
731,869,1
731,662,1
731,691,1
731,857,1
731,610,1
731,928,1
731,316,1
731,778,1
731,1,1
731,932,1
731,921,1
731,910,1
732,764,1
732,616,1
732,989,1
732,677,1
732,948,1
732,566,1
732,890,1
732,740,1
732,638,1
733,912,1
733,708,1
733,990,1
733,205,1
733,734,1
733,866,1
733,458,1
733,1007,1
733,848,1
733,297,1
733,354,1
733,957,1
733,404,1
734,912,1
734,444,1
734,600,1
734,205,1
734,569,1
734,697,1
734,458,1
734,1007,1
734,623,1
734,339,1
734,848,1
734,297,1
734,733,1
734,334,1
734,335,1
734,515,1
734,513,1
734,957,1
735,168,1
735,697,1
735,251,1
735,403,1
735,320,1
736,171,1
736,600,1
736,826,1
736,282,1
736,446,1
736,962,1
736,888,1
737,545,1
737,849,1
737,34,1
737,122,1
737,741,1
737,436,1
737,435,1
737,218,1
737,307,1
737,363,1
737,176,1
737,751,1
737,401,1
738,795,1
738,945,1
738,308,1
738,560,1
738,569,1
738,87,1
738,543,1
738,92,1
738,117,1
738,557,1
738,607,1
738,450,1
738,693,1
738,590,1
739,978,1
739,358,1
739,851,1
739,964,1
739,569,1
739,725,1
739,840,1
739,15,1
739,208,1
739,700,1
739,517,1
739,968,1
739,694,1
739,678,1
739,270,1
739,969,1
740,948,1
740,163,1
740,743,1
740,696,1
740,714,1
740,725,1
740,251,1
740,967,1
740,208,1
740,732,1
740,678,1
740,788,1
741,737,1
742,499,1
742,951,1
742,851,1
742,949,1
742,941,1
742,835,1
743,714,1
743,483,1
743,740,1
744,703,1
744,783,1
744,746,1
744,339,1
744,782,1
744,891,1
744,518,1
744,223,1
744,894,1
744,404,1
745,59,1
745,978,1
745,942,1
745,502,1
745,331,1
745,415,1
745,672,1
745,517,1
745,939,1
745,706,1
745,727,1
745,646,1
746,126,1
746,944,1
746,385,1
746,395,1
746,70,1
746,610,1
746,106,1
746,782,1
746,777,1
746,675,1
746,467,1
746,744,1
746,518,1
746,894,1
746,37,1
746,576,1
746,263,1
747,372,1
747,69,1
747,874,1
747,678,1
748,750,1
748,754,1
748,749,1
749,750,1
749,754,1
749,748,1
750,754,1
750,562,1
750,748,1
750,749,1
751,849,1
751,556,1
751,704,1
751,435,1
751,504,1
751,659,1
751,425,1
751,508,1
751,737,1
751,401,1
752,620,1
752,292,1
752,926,1
752,927,1
752,930,1
753,266,1
753,695,1
753,991,1
753,389,1
753,696,1
753,689,1
753,145,1
753,378,1
754,750,1
754,748,1
754,749,1
755,977,1
755,367,1
755,278,1
755,851,1
755,954,1
755,308,1
755,300,1
755,414,1
755,520,1
939,898,1
939,978,1
939,709,1
939,942,1
939,415,1
939,672,1
939,674,1
939,998,1
939,801,1
939,671,1
939,807,1
939,745,1
939,41,1
939,706,1
939,176,1
939,727,1
939,220,1
939,646,1
961,965,1
961,963,1
961,966,1
758,898,1
758,619,1
758,998,1
759,977,1
759,632,1
759,938,1
759,375,1
759,324,1
759,954,1
759,866,1
759,369,1
759,877,1
759,306,1
759,931,1
759,593,1
1005,763,1
1005,531,1
1005,890,1
1005,1007,1
1005,996,1
1005,519,1
1005,327,1
1005,562,1
1005,727,1
1005,1006,1
995,715,1
995,687,1
995,327,1
995,519,1
995,596,1
995,904,1
995,1006,1
995,513,1
952,21,1
952,948,1
952,60,1
952,836,1
763,1005,1
763,600,1
763,890,1
763,1007,1
763,519,1
763,354,1
763,727,1
764,732,1
764,638,1
764,982,1
765,205,1
765,893,1
765,870,1
765,140,1
765,565,1
765,906,1
765,863,1
765,49,1
765,217,1
765,931,1
765,593,1
765,646,1
766,850,1
766,527,1
766,506,1
766,538,1
766,454,1
766,962,1
766,270,1
766,881,1
767,266,1
767,73,1
1001,68,1
769,949,1
769,139,1
769,971,1
769,67,1
769,50,1
769,412,1
769,247,1
770,254,1
770,151,1
770,532,1
770,351,1
770,102,1
906,795,1
906,951,1
906,990,1
906,343,1
906,275,1
906,980,1
906,893,1
906,466,1
906,1007,1
906,870,1
906,812,1
906,863,1
906,921,1
906,765,1
906,835,1
772,905,1
772,809,1
772,102,1
913,848,1
948,78,1
948,21,1
948,952,1
948,417,1
948,60,1
948,435,1
948,740,1
948,450,1
948,693,1
948,656,1
948,732,1
948,484,1
948,258,1
775,795,1
775,929,1
775,42,1
775,560,1
775,893,1
775,866,1
775,650,1
775,936,1
775,369,1
775,511,1
775,565,1
775,979,1
775,679,1
775,596,1
775,863,1
775,590,1
775,410,1
776,833,1
777,408,1
777,387,1
777,385,1
777,395,1
777,746,1
777,598,1
777,537,1
777,1009,1
777,374,1
777,492,1
777,478,1
778,964,1
778,549,1
778,869,1
778,15,1
778,306,1
778,731,1
779,60,1
779,947,1
960,459,1
960,688,1
960,266,1
960,849,1
960,697,1
960,689,1
960,455,1
960,704,1
960,388,1
960,570,1
960,75,1
960,722,1
781,654,1
781,21,1
781,15,1
782,703,1
782,105,1
782,944,1
782,56,1
782,746,1
782,208,1
782,874,1
782,106,1
782,796,1
782,671,1
782,968,1
782,744,1
782,223,1
782,587,1
783,978,1
783,457,1
783,623,1
783,339,1
783,700,1
783,504,1
783,744,1
783,518,1
783,894,1
784,912,1
784,851,1
784,710,1
784,1007,1
784,623,1
784,327,1
784,843,1
784,899,1
784,676,1
784,515,1
943,546,1
943,844,1
943,708,1
943,826,1
943,662,1
943,414,1
943,140,1
943,857,1
943,878,1
943,329,1
943,678,1
786,18,1
787,549,1
787,439,1
787,295,1
788,402,1
788,302,1
788,696,1
788,725,1
788,967,1
788,251,1
788,208,1
788,740,1
788,678,1
788,917,1
1006,1005,1
1006,715,1
1006,995,1
1006,726,1
1006,687,1
1006,519,1
1006,672,1
1006,700,1
1006,476,1
1006,149,1
1006,596,1
1006,335,1
931,977,1
931,632,1
931,367,1
931,205,1
931,324,1
931,375,1
931,759,1
931,954,1
931,866,1
931,369,1
931,414,1
931,877,1
931,895,1
931,49,1
931,593,1
931,765,1
931,664,1
931,690,1
931,404,1
979,795,1
979,977,1
979,929,1
979,341,1
979,560,1
979,866,1
979,841,1
979,870,1
979,936,1
979,994,1
979,775,1
979,511,1
979,565,1
979,679,1
979,814,1
937,33,1
969,725,1
969,144,1
969,73,1
969,208,1
969,701,1
969,206,1
969,149,1
969,226,1
969,678,1
969,739,1
997,314,1
997,424,1
997,991,1
997,398,1
997,403,1
997,984,1
997,448,1
795,551,1
795,861,1
795,511,1
795,915,1
795,212,1
795,906,1
795,675,1
795,576,1
795,835,1
795,945,1
795,202,1
795,849,1
795,560,1
795,530,1
795,866,1
795,775,1
795,979,1
795,642,1
795,106,1
795,738,1
795,590,1
796,527,1
796,549,1
796,506,1
796,413,1
796,455,1
796,874,1
796,782,1
796,968,1
796,270,1
797,551,1
797,325,1
797,503,1
797,442,1
797,261,1
797,12,1
797,453,1
797,311,1
797,665,1
797,299,1
797,637,1
797,581,1
797,260,1
797,58,1
797,338,1
797,305,1
797,487,1
798,36,1
798,175,1
798,396,1
798,133,1
798,137,1
798,65,1
798,39,1
798,132,1
798,47,1
798,626,1
798,274,1
798,48,1
798,684,1
798,206,1
798,231,1
798,243,1
798,74,1
798,4,1
798,152,1
798,249,1
946,940,1
800,55,1
801,724,1
801,850,1
801,709,1
801,851,1
801,949,1
801,826,1
801,942,1
801,597,1
801,415,1
801,878,1
801,804,1
801,879,1
801,939,1
801,148,1
801,727,1
801,646,1
957,912,1
957,989,1
957,974,1
957,560,1
957,734,1
957,650,1
957,870,1
957,1007,1
957,123,1
957,994,1
957,861,1
957,565,1
957,848,1
957,544,1
957,733,1
957,679,1
957,532,1
957,410,1
803,336,1
803,417,1
803,447,1
803,349,1
803,693,1
803,323,1
803,484,1
803,258,1
804,529,1
804,585,1
804,942,1
804,530,1
804,691,1
804,928,1
804,801,1
804,910,1
805,326,1
805,390,1
805,266,1
805,292,1
805,573,1
805,389,1
805,187,1
805,503,1
805,443,1
805,255,1
805,430,1
805,145,1
805,540,1
805,550,1
805,918,1
805,320,1
904,995,1
904,687,1
904,454,1
904,282,1
904,513,1
807,688,1
807,939,1
807,646,1
954,724,1
954,977,1
954,367,1
954,851,1
954,324,1
954,759,1
954,936,1
954,755,1
954,940,1
954,877,1
954,931,1
954,593,1
809,59,1
809,945,1
809,951,1
809,489,1
809,980,1
809,972,1
809,905,1
809,627,1
809,552,1
809,265,1
809,772,1
809,664,1
809,690,1
810,136,1
810,202,1
810,139,1
810,244,1
810,50,1
811,551,1
812,951,1
812,275,1
812,536,1
812,650,1
812,915,1
812,906,1
812,679,1
812,596,1
812,863,1
812,881,1
812,497,1
813,358,1
813,397,1
813,424,1
813,291,1
813,271,1
813,311,1
813,453,1
813,273,1
813,637,1
813,378,1
813,488,1
813,321,1
813,305,1
814,341,1
814,870,1
814,841,1
814,565,1
814,959,1
814,979,1
814,874,1
814,852,1
814,968,1
814,1003,1
815,592,1
815,581,1
815,485,1
972,59,1
972,945,1
972,850,1
972,980,1
972,905,1
972,809,1
972,908,1
972,627,1
972,962,1
972,664,1
972,690,1
891,542,1
891,989,1
891,974,1
891,276,1
891,341,1
891,980,1
891,480,1
891,994,1
891,586,1
891,565,1
891,15,1
891,544,1
891,899,1
891,744,1
891,518,1
891,882,1
889,234,1
889,55,1
889,934,1
819,139,1
819,181,1
819,67,1
819,167,1
819,247,1
819,1004,1
820,950,1
820,63,1
821,81,1
821,96,1
821,10,1
821,103,1
822,654,1
822,239,1
822,244,1
822,120,1
822,41,1
822,6,1
823,175,1
823,914,1
823,19,1
823,2,1
910,529,1
910,898,1
910,869,1
910,691,1
910,414,1
910,804,1
910,731,1
910,921,1
910,678,1
910,485,1
910,313,1
959,650,1
959,870,1
959,852,1
959,895,1
959,1003,1
959,814,1
826,500,1
826,990,1
826,109,1
826,725,1
826,857,1
826,878,1
826,943,1
826,446,1
826,736,1
826,801,1
826,1,1
826,731,1
826,888,1
826,678,1
826,981,1
826,881,1
962,171,1
962,850,1
962,527,1
962,506,1
962,601,1
962,454,1
962,486,1
962,972,1
962,905,1
962,446,1
962,736,1
962,888,1
962,981,1
962,881,1
962,766,1
999,583,1
999,40,1
999,672,1
999,467,1
999,4,1
999,305,1
829,402,1
829,61,1
829,210,1
829,231,1
830,81,1
830,184,1
830,545,1
830,10,1
830,193,1
830,5,1
830,82,1
895,945,1
895,489,1
895,585,1
895,83,1
895,866,1
895,650,1
895,697,1
895,710,1
895,104,1
895,959,1
895,106,1
895,544,1
895,388,1
895,177,1
895,593,1
895,931,1
895,220,1
965,963,1
965,961,1
965,966,1
833,681,1
833,776,1
833,716,1
894,978,1
894,783,1
894,746,1
894,339,1
894,329,1
894,700,1
894,744,1
894,518,1
835,795,1
835,551,1
835,949,1
835,619,1
835,126,1
835,163,1
835,941,1
835,841,1
835,994,1
835,915,1
835,70,1
835,212,1
835,906,1
835,675,1
835,576,1
835,742,1
835,945,1
835,951,1
835,499,1
835,202,1
835,849,1
835,980,1
835,530,1
835,908,1
835,106,1
835,550,1
835,679,1
835,968,1
835,37,1
835,263,1
836,952,1
836,457,1
836,501,1
837,130,1
837,65,1
837,992,1
838,397,1
838,993,1
838,232,1
838,172,1
838,120,1
838,307,1
838,52,1
838,54,1
955,640,1
955,175,1
955,84,1
955,362,1
955,172,1
955,120,1
955,132,1
955,39,1
955,13,1
955,29,1
955,57,1
955,52,1
955,243,1
955,226,1
955,88,1
955,958,1
955,152,1
840,708,1
840,343,1
840,163,1
840,967,1
840,15,1
840,878,1
840,28,1
840,38,1
840,521,1
840,673,1
840,739,1
841,977,1
841,929,1
841,499,1
841,276,1
841,941,1
841,650,1
841,870,1
841,994,1
841,597,1
841,565,1
841,979,1
841,908,1
841,928,1
841,544,1
841,679,1
841,968,1
841,1003,1
841,814,1
841,835,1
927,292,1
927,926,1
927,930,1
927,752,1
843,444,1
843,912,1
843,542,1
843,592,1
843,480,1
843,784,1
843,848,1
843,899,1
843,515,1
844,59,1
844,708,1
844,662,1
844,857,1
844,943,1
844,878,1
844,928,1
844,329,1
844,310,1
844,1,1
844,932,1
844,731,1
845,121,1
845,197,1
845,138,1
845,40,1
845,71,1
845,174,1
845,128,1
973,202,1
973,139,1
973,244,1
973,67,1
973,247,1
973,625,1
973,6,1
893,951,1
893,650,1
893,870,1
893,775,1
893,594,1
893,565,1
893,906,1
893,596,1
893,679,1
893,719,1
893,863,1
893,351,1
893,258,1
893,765,1
848,542,1
848,912,1
848,913,1
848,734,1
848,1007,1
848,687,1
848,586,1
848,843,1
848,733,1
848,899,1
848,532,1
848,515,1
848,957,1
849,795,1
849,551,1
849,620,1
849,422,1
849,389,1
849,126,1
849,307,1
849,212,1
849,675,1
849,378,1
849,498,1
849,737,1
849,576,1
849,835,1
849,202,1
849,381,1
849,960,1
849,122,1
849,530,1
849,284,1
849,218,1
849,935,1
849,106,1
849,289,1
849,564,1
849,373,1
849,751,1
850,527,1
850,506,1
850,597,1
850,486,1
850,972,1
850,905,1
850,908,1
850,544,1
850,801,1
850,962,1
850,678,1
850,881,1
850,766,1
851,742,1
851,977,1
851,367,1
851,949,1
851,954,1
851,941,1
851,379,1
851,1007,1
851,936,1
851,597,1
851,784,1
851,412,1
851,755,1
851,801,1
851,879,1
851,525,1
851,270,1
851,739,1
852,358,1
852,870,1
852,959,1
852,535,1
852,1003,1
852,814,1
986,397,1
986,381,1
986,550,1
986,79,1
854,175,1
998,898,1
998,619,1
998,504,1
998,939,1
998,758,1
998,727,1
1003,870,1
1003,841,1
1003,959,1
1003,857,1
1003,874,1
1003,852,1
1003,968,1
1003,814,1
857,546,1
857,367,1
857,844,1
857,990,1
857,826,1
857,725,1
857,414,1
857,967,1
857,140,1
857,943,1
857,329,1
857,1,1
857,1003,1
857,731,1
857,921,1
857,678,1
938,367,1
938,990,1
938,375,1
938,759,1
938,315,1
938,866,1
938,601,1
938,665,1
938,935,1
938,505,1
938,863,1
938,290,1
938,722,1
970,130,1
970,65,1
970,97,1
970,4,1
890,1005,1
890,677,1
890,318,1
890,763,1
890,531,1
890,566,1
890,12,1
890,996,1
890,519,1
890,562,1
890,732,1
890,706,1
890,638,1
890,727,1
861,795,1
861,945,1
861,929,1
861,489,1
861,974,1
861,560,1
861,650,1
861,994,1
861,679,1
861,590,1
861,532,1
861,410,1
861,957,1
881,160,1
881,850,1
881,527,1
881,990,1
881,826,1
881,506,1
881,601,1
881,538,1
881,486,1
881,505,1
881,812,1
881,962,1
881,888,1
881,593,1
881,766,1
863,951,1
863,938,1
863,990,1
863,205,1
863,275,1
863,560,1
863,893,1
863,866,1
863,601,1
863,650,1
863,1007,1
863,870,1
863,775,1
863,511,1
863,565,1
863,812,1
863,906,1
863,679,1
863,722,1
863,765,1
945,795,1
945,126,1
945,941,1
945,597,1
945,861,1
945,594,1
945,70,1
945,905,1
945,809,1
945,544,1
945,675,1
945,694,1
945,664,1
945,576,1
945,835,1
945,951,1
945,489,1
945,560,1
945,972,1
945,610,1
945,908,1
945,106,1
945,895,1
945,738,1
945,590,1
945,37,1
945,263,1
865,903,1
865,173,1
865,26,1
866,795,1
866,708,1
866,367,1
866,632,1
866,938,1
866,375,1
866,205,1
866,324,1
866,759,1
866,369,1
866,511,1
866,547,1
866,733,1
866,863,1
866,931,1
866,593,1
866,664,1
866,404,1
866,990,1
866,560,1
866,650,1
866,775,1
866,979,1
866,877,1
866,895,1
988,551,1
988,503,1
988,295,1
988,456,1
868,880,1
868,197,1
868,80,1
868,250,1
868,203,1
868,165,1
868,174,1
868,93,1
869,200,1
869,691,1
869,304,1
869,195,1
869,778,1
869,731,1
869,921,1
869,910,1
869,313,1
870,977,1
870,951,1
870,990,1
870,205,1
870,893,1
870,466,1
870,841,1
870,565,1
870,959,1
870,979,1
870,906,1
870,852,1
870,863,1
870,1003,1
870,590,1
870,921,1
870,814,1
870,765,1
870,957,1
871,976,1
871,350,1
871,271,1
871,311,1
926,927,1
926,930,1
926,752,1
873,286,1
873,563,1
873,916,1
873,493,1
873,269,1
874,941,1
874,413,1
874,455,1
874,747,1
874,782,1
874,796,1
874,48,1
874,968,1
874,694,1
874,1003,1
874,587,1
874,814,1
874,576,1
1002,441,1
1002,331,1
1002,1009,1
1002,330,1
1002,111,1
1002,273,1
1002,682,1
1002,110,1
968,499,1
968,941,1
968,841,1
968,874,1
968,908,1
968,796,1
968,782,1
968,694,1
968,1003,1
968,814,1
968,739,1
968,835,1
877,977,1
877,632,1
877,324,1
877,759,1
877,210,1
877,954,1
877,866,1
877,413,1
877,369,1
877,547,1
877,306,1
877,931,1
877,593,1
878,708,1
878,844,1
878,974,1
878,990,1
878,826,1
878,163,1
878,650,1
878,118,1
878,840,1
878,227,1
878,943,1
878,182,1
878,801,1
878,35,1
878,521,1
878,622,1
879,851,1
879,62,1
879,801,1
879,91,1
879,622,1
