timestamp,participantIdFrom,participantIdTo
2022-03-03T00:00:00Z,1,844
2022-03-03T00:00:00Z,2,218
2022-03-03T00:00:00Z,5,96
2022-03-03T00:00:00Z,5,94
2022-03-03T00:00:00Z,6,202
2022-03-03T00:00:00Z,6,244
2022-03-03T00:00:00Z,6,146
2022-03-03T00:00:00Z,7,64
2022-03-03T00:00:00Z,8,137
2022-03-03T00:00:00Z,8,9
2022-03-03T00:00:00Z,8,51
2022-03-03T00:00:00Z,8,164
2022-03-03T00:00:00Z,9,137
2022-03-03T00:00:00Z,9,8
2022-03-03T00:00:00Z,9,164
2022-03-03T00:00:00Z,12,531
2022-03-03T00:00:00Z,12,520
2022-03-03T00:00:00Z,12,797
2022-03-03T00:00:00Z,13,81
2022-03-03T00:00:00Z,13,165
2022-03-03T00:00:00Z,13,221
2022-03-03T00:00:00Z,13,918
2022-03-03T00:00:00Z,14,130
2022-03-03T00:00:00Z,14,138
2022-03-03T00:00:00Z,14,71
2022-03-03T00:00:00Z,14,845
2022-03-03T00:00:00Z,15,654
2022-03-03T00:00:00Z,15,582
2022-03-03T00:00:00Z,15,90
2022-03-03T00:00:00Z,16,227
2022-03-03T00:00:00Z,16,99
2022-03-03T00:00:00Z,16,35
2022-03-03T00:00:00Z,17,854
2022-03-03T00:00:00Z,18,786
2022-03-03T00:00:00Z,19,184
2022-03-03T00:00:00Z,19,175
2022-03-03T00:00:00Z,19,193
2022-03-03T00:00:00Z,19,626
2022-03-03T00:00:00Z,20,168
2022-03-03T00:00:00Z,20,113
2022-03-03T00:00:00Z,21,417
2022-03-03T00:00:00Z,21,948
2022-03-03T00:00:00Z,21,357
2022-03-03T00:00:00Z,21,926
2022-03-03T00:00:00Z,21,60
2022-03-03T00:00:00Z,21,906
2022-03-03T00:00:00Z,21,930
2022-03-03T00:00:00Z,22,985
2022-03-03T00:00:00Z,22,182
2022-03-03T00:00:00Z,22,91
2022-03-03T00:00:00Z,22,622
2022-03-03T00:00:00Z,24,41
2022-03-03T00:00:00Z,28,840
2022-03-03T00:00:00Z,29,136
2022-03-03T00:00:00Z,29,190
2022-03-03T00:00:00Z,30,219
2022-03-03T00:00:00Z,32,715
2022-03-03T00:00:00Z,33,557
2022-03-03T00:00:00Z,33,607
2022-03-03T00:00:00Z,34,795
2022-03-03T00:00:00Z,35,16
2022-03-03T00:00:00Z,35,99
2022-03-03T00:00:00Z,36,667
2022-03-03T00:00:00Z,36,82
2022-03-03T00:00:00Z,39,194
2022-03-03T00:00:00Z,39,188
2022-03-03T00:00:00Z,41,24
2022-03-03T00:00:00Z,41,717
2022-03-03T00:00:00Z,41,176
2022-03-03T00:00:00Z,44,154
2022-03-03T00:00:00Z,46,881
2022-03-03T00:00:00Z,47,199
2022-03-03T00:00:00Z,47,133
2022-03-03T00:00:00Z,48,889
2022-03-03T00:00:00Z,49,584
2022-03-03T00:00:00Z,51,8
2022-03-03T00:00:00Z,51,137
2022-03-03T00:00:00Z,52,172
2022-03-03T00:00:00Z,52,132
2022-03-03T00:00:00Z,53,890
2022-03-03T00:00:00Z,53,996
2022-03-03T00:00:00Z,54,232
2022-03-03T00:00:00Z,55,983
2022-03-03T00:00:00Z,55,958
2022-03-03T00:00:00Z,56,944
2022-03-03T00:00:00Z,56,70
2022-03-03T00:00:00Z,58,481
2022-03-03T00:00:00Z,58,936
2022-03-03T00:00:00Z,58,508
2022-03-03T00:00:00Z,59,745
2022-03-03T00:00:00Z,60,21
2022-03-03T00:00:00Z,60,948
2022-03-03T00:00:00Z,60,997
2022-03-03T00:00:00Z,61,829
2022-03-03T00:00:00Z,61,152
2022-03-03T00:00:00Z,62,184
2022-03-03T00:00:00Z,63,820
2022-03-03T00:00:00Z,63,153
2022-03-03T00:00:00Z,64,207
2022-03-03T00:00:00Z,64,7
2022-03-03T00:00:00Z,65,991
2022-03-03T00:00:00Z,65,80
2022-03-03T00:00:00Z,65,97
2022-03-03T00:00:00Z,66,203
2022-03-03T00:00:00Z,68,1001
2022-03-03T00:00:00Z,68,114
2022-03-03T00:00:00Z,69,197
2022-03-03T00:00:00Z,69,218
2022-03-03T00:00:00Z,69,176
2022-03-03T00:00:00Z,70,913
2022-03-03T00:00:00Z,70,56
2022-03-03T00:00:00Z,71,14
2022-03-03T00:00:00Z,71,845
2022-03-03T00:00:00Z,71,128
2022-03-03T00:00:00Z,72,432
2022-03-03T00:00:00Z,73,208
2022-03-03T00:00:00Z,73,206
2022-03-03T00:00:00Z,74,210
2022-03-03T00:00:00Z,75,953
2022-03-03T00:00:00Z,76,164
2022-03-03T00:00:00Z,77,453
2022-03-03T00:00:00Z,77,182
2022-03-03T00:00:00Z,78,430
2022-03-03T00:00:00Z,78,192
2022-03-03T00:00:00Z,79,472
2022-03-03T00:00:00Z,79,390
2022-03-03T00:00:00Z,79,501
2022-03-03T00:00:00Z,80,65
2022-03-03T00:00:00Z,80,97
2022-03-03T00:00:00Z,81,165
2022-03-03T00:00:00Z,81,221
2022-03-03T00:00:00Z,81,13
2022-03-03T00:00:00Z,81,131
2022-03-03T00:00:00Z,81,918
2022-03-03T00:00:00Z,82,36
2022-03-03T00:00:00Z,83,895
2022-03-03T00:00:00Z,84,232
2022-03-03T00:00:00Z,86,129
2022-03-03T00:00:00Z,87,180
2022-03-03T00:00:00Z,87,166
2022-03-03T00:00:00Z,87,396
2022-03-03T00:00:00Z,87,607
2022-03-03T00:00:00Z,87,119
2022-03-03T00:00:00Z,88,191
2022-03-03T00:00:00Z,88,987
2022-03-03T00:00:00Z,90,447
2022-03-03T00:00:00Z,90,15
2022-03-03T00:00:00Z,90,323
2022-03-03T00:00:00Z,91,433
2022-03-03T00:00:00Z,91,985
2022-03-03T00:00:00Z,91,22
2022-03-03T00:00:00Z,91,182
2022-03-03T00:00:00Z,91,622
2022-03-03T00:00:00Z,92,117
2022-03-03T00:00:00Z,92,613
2022-03-03T00:00:00Z,93,251
2022-03-03T00:00:00Z,93,113
2022-03-03T00:00:00Z,94,5
2022-03-03T00:00:00Z,96,5
2022-03-03T00:00:00Z,96,626
2022-03-03T00:00:00Z,96,1000
2022-03-03T00:00:00Z,97,80
2022-03-03T00:00:00Z,97,65
2022-03-03T00:00:00Z,99,16
2022-03-03T00:00:00Z,99,35
2022-03-03T00:00:00Z,100,438
2022-03-03T00:00:00Z,100,281
2022-03-03T00:00:00Z,101,488
2022-03-03T00:00:00Z,104,169
2022-03-03T00:00:00Z,104,220
2022-03-03T00:00:00Z,105,106
2022-03-03T00:00:00Z,106,154
2022-03-03T00:00:00Z,106,105
2022-03-03T00:00:00Z,108,535
2022-03-03T00:00:00Z,109,981
2022-03-03T00:00:00Z,110,749
2022-03-03T00:00:00Z,112,203
2022-03-03T00:00:00Z,113,168
2022-03-03T00:00:00Z,113,251
2022-03-03T00:00:00Z,113,93
2022-03-03T00:00:00Z,113,20
2022-03-03T00:00:00Z,114,1001
2022-03-03T00:00:00Z,114,68
2022-03-03T00:00:00Z,117,92
2022-03-03T00:00:00Z,119,180
2022-03-03T00:00:00Z,119,222
2022-03-03T00:00:00Z,119,87
2022-03-03T00:00:00Z,120,186
2022-03-03T00:00:00Z,120,178
2022-03-03T00:00:00Z,121,166
2022-03-03T00:00:00Z,126,712
2022-03-03T00:00:00Z,127,161
2022-03-03T00:00:00Z,128,71
2022-03-03T00:00:00Z,129,86
2022-03-03T00:00:00Z,130,14
2022-03-03T00:00:00Z,131,81
2022-03-03T00:00:00Z,131,165
2022-03-03T00:00:00Z,131,221
2022-03-03T00:00:00Z,132,52
2022-03-03T00:00:00Z,133,199
2022-03-03T00:00:00Z,133,47
2022-03-03T00:00:00Z,134,331
2022-03-03T00:00:00Z,134,919
2022-03-03T00:00:00Z,136,29
2022-03-03T00:00:00Z,137,8
2022-03-03T00:00:00Z,137,9
2022-03-03T00:00:00Z,137,51
2022-03-03T00:00:00Z,138,14
2022-03-03T00:00:00Z,138,845
2022-03-03T00:00:00Z,139,247
2022-03-03T00:00:00Z,140,857
2022-03-03T00:00:00Z,140,505
2022-03-03T00:00:00Z,140,482
2022-03-03T00:00:00Z,140,921
2022-03-03T00:00:00Z,143,316
2022-03-03T00:00:00Z,144,206
2022-03-03T00:00:00Z,145,721
2022-03-03T00:00:00Z,146,202
2022-03-03T00:00:00Z,146,222
2022-03-03T00:00:00Z,146,813
2022-03-03T00:00:00Z,146,6
2022-03-03T00:00:00Z,150,303
2022-03-03T00:00:00Z,151,974
2022-03-03T00:00:00Z,151,770
2022-03-03T00:00:00Z,151,254
2022-03-03T00:00:00Z,152,61
2022-03-03T00:00:00Z,153,63
2022-03-03T00:00:00Z,154,44
2022-03-03T00:00:00Z,154,106
2022-03-03T00:00:00Z,154,671
2022-03-03T00:00:00Z,155,354
2022-03-03T00:00:00Z,156,193
2022-03-03T00:00:00Z,158,226
2022-03-03T00:00:00Z,159,394
2022-03-03T00:00:00Z,159,342
2022-03-03T00:00:00Z,159,456
2022-03-03T00:00:00Z,160,938
2022-03-03T00:00:00Z,160,935
2022-03-03T00:00:00Z,161,127
2022-03-03T00:00:00Z,162,408
2022-03-03T00:00:00Z,162,927
2022-03-03T00:00:00Z,162,478
2022-03-03T00:00:00Z,164,609
2022-03-03T00:00:00Z,164,8
2022-03-03T00:00:00Z,164,9
2022-03-03T00:00:00Z,164,76
2022-03-03T00:00:00Z,165,81
2022-03-03T00:00:00Z,165,221
2022-03-03T00:00:00Z,165,13
2022-03-03T00:00:00Z,165,131
2022-03-03T00:00:00Z,166,121
2022-03-03T00:00:00Z,166,87
2022-03-03T00:00:00Z,167,213
2022-03-03T00:00:00Z,167,819
2022-03-03T00:00:00Z,168,113
2022-03-03T00:00:00Z,168,20
2022-03-03T00:00:00Z,168,735
2022-03-03T00:00:00Z,169,104
2022-03-03T00:00:00Z,169,220
2022-03-03T00:00:00Z,172,993
2022-03-03T00:00:00Z,172,52
2022-03-03T00:00:00Z,173,527
2022-03-03T00:00:00Z,173,903
2022-03-03T00:00:00Z,173,180
2022-03-03T00:00:00Z,174,197
2022-03-03T00:00:00Z,174,219
2022-03-03T00:00:00Z,174,224
2022-03-03T00:00:00Z,175,626
2022-03-03T00:00:00Z,175,914
2022-03-03T00:00:00Z,175,19
2022-03-03T00:00:00Z,176,69
2022-03-03T00:00:00Z,176,235
2022-03-03T00:00:00Z,176,218
2022-03-03T00:00:00Z,176,196
2022-03-03T00:00:00Z,176,41
2022-03-03T00:00:00Z,177,234
2022-03-03T00:00:00Z,178,120
2022-03-03T00:00:00Z,178,183
2022-03-03T00:00:00Z,178,185
2022-03-03T00:00:00Z,178,223
2022-03-03T00:00:00Z,180,87
2022-03-03T00:00:00Z,180,119
2022-03-03T00:00:00Z,180,173
2022-03-03T00:00:00Z,181,246
2022-03-03T00:00:00Z,182,22
2022-03-03T00:00:00Z,182,91
2022-03-03T00:00:00Z,182,77
2022-03-03T00:00:00Z,183,178
2022-03-03T00:00:00Z,183,185
2022-03-03T00:00:00Z,184,193
2022-03-03T00:00:00Z,184,62
2022-03-03T00:00:00Z,184,19
2022-03-03T00:00:00Z,185,205
2022-03-03T00:00:00Z,185,178
2022-03-03T00:00:00Z,185,183
2022-03-03T00:00:00Z,186,187
2022-03-03T00:00:00Z,186,204
2022-03-03T00:00:00Z,186,120
2022-03-03T00:00:00Z,186,201
2022-03-03T00:00:00Z,187,186
2022-03-03T00:00:00Z,187,204
2022-03-03T00:00:00Z,187,201
2022-03-03T00:00:00Z,187,320
2022-03-03T00:00:00Z,188,189
2022-03-03T00:00:00Z,188,194
2022-03-03T00:00:00Z,188,39
2022-03-03T00:00:00Z,188,192
2022-03-03T00:00:00Z,189,194
2022-03-03T00:00:00Z,189,188
2022-03-03T00:00:00Z,189,192
2022-03-03T00:00:00Z,190,29
2022-03-03T00:00:00Z,191,88
2022-03-03T00:00:00Z,192,189
2022-03-03T00:00:00Z,192,78
2022-03-03T00:00:00Z,192,194
2022-03-03T00:00:00Z,192,188
2022-03-03T00:00:00Z,193,184
2022-03-03T00:00:00Z,193,200
2022-03-03T00:00:00Z,193,195
2022-03-03T00:00:00Z,193,19
2022-03-03T00:00:00Z,193,198
2022-03-03T00:00:00Z,193,156
2022-03-03T00:00:00Z,194,189
2022-03-03T00:00:00Z,194,202
2022-03-03T00:00:00Z,194,39
2022-03-03T00:00:00Z,194,188
2022-03-03T00:00:00Z,194,192
2022-03-03T00:00:00Z,194,404
2022-03-03T00:00:00Z,195,200
2022-03-03T00:00:00Z,195,869
2022-03-03T00:00:00Z,195,193
2022-03-03T00:00:00Z,195,778
2022-03-03T00:00:00Z,195,198
2022-03-03T00:00:00Z,196,250
2022-03-03T00:00:00Z,196,235
2022-03-03T00:00:00Z,196,218
2022-03-03T00:00:00Z,196,176
2022-03-03T00:00:00Z,197,726
2022-03-03T00:00:00Z,197,69
2022-03-03T00:00:00Z,197,174
2022-03-03T00:00:00Z,198,200
2022-03-03T00:00:00Z,198,193
2022-03-03T00:00:00Z,198,195
2022-03-03T00:00:00Z,199,133
2022-03-03T00:00:00Z,199,47
2022-03-03T00:00:00Z,200,193
2022-03-03T00:00:00Z,200,195
2022-03-03T00:00:00Z,200,887
2022-03-03T00:00:00Z,200,785
2022-03-03T00:00:00Z,200,778
2022-03-03T00:00:00Z,200,198
2022-03-03T00:00:00Z,201,186
2022-03-03T00:00:00Z,201,187
2022-03-03T00:00:00Z,201,204
2022-03-03T00:00:00Z,202,194
2022-03-03T00:00:00Z,202,244
2022-03-03T00:00:00Z,202,221
2022-03-03T00:00:00Z,202,146
2022-03-03T00:00:00Z,202,6
2022-03-03T00:00:00Z,203,112
2022-03-03T00:00:00Z,203,66
2022-03-03T00:00:00Z,204,186
2022-03-03T00:00:00Z,204,187
2022-03-03T00:00:00Z,204,201
2022-03-03T00:00:00Z,205,843
2022-03-03T00:00:00Z,205,185
2022-03-03T00:00:00Z,205,931
2022-03-03T00:00:00Z,206,144
2022-03-03T00:00:00Z,206,73
2022-03-03T00:00:00Z,207,211
2022-03-03T00:00:00Z,207,216
2022-03-03T00:00:00Z,207,64
2022-03-03T00:00:00Z,207,209
2022-03-03T00:00:00Z,207,769
2022-03-03T00:00:00Z,208,73
2022-03-03T00:00:00Z,209,207
2022-03-03T00:00:00Z,209,211
2022-03-03T00:00:00Z,209,216
2022-03-03T00:00:00Z,210,961
2022-03-03T00:00:00Z,210,231
2022-03-03T00:00:00Z,210,74
2022-03-03T00:00:00Z,211,207
2022-03-03T00:00:00Z,211,216
2022-03-03T00:00:00Z,211,908
2022-03-03T00:00:00Z,211,209
2022-03-03T00:00:00Z,212,240
2022-03-03T00:00:00Z,213,215
2022-03-03T00:00:00Z,213,214
2022-03-03T00:00:00Z,213,167
2022-03-03T00:00:00Z,214,213
2022-03-03T00:00:00Z,214,215
2022-03-03T00:00:00Z,215,213
2022-03-03T00:00:00Z,215,214
2022-03-03T00:00:00Z,216,620
2022-03-03T00:00:00Z,216,207
2022-03-03T00:00:00Z,216,312
2022-03-03T00:00:00Z,216,615
2022-03-03T00:00:00Z,216,211
2022-03-03T00:00:00Z,216,625
2022-03-03T00:00:00Z,216,209
2022-03-03T00:00:00Z,218,69
2022-03-03T00:00:00Z,218,196
2022-03-03T00:00:00Z,218,176
2022-03-03T00:00:00Z,218,2
2022-03-03T00:00:00Z,219,174
2022-03-03T00:00:00Z,219,225
2022-03-03T00:00:00Z,219,30
2022-03-03T00:00:00Z,219,224
2022-03-03T00:00:00Z,220,169
2022-03-03T00:00:00Z,220,104
2022-03-03T00:00:00Z,220,229
2022-03-03T00:00:00Z,221,81
2022-03-03T00:00:00Z,221,202
2022-03-03T00:00:00Z,221,165
2022-03-03T00:00:00Z,221,228
2022-03-03T00:00:00Z,221,13
2022-03-03T00:00:00Z,221,131
2022-03-03T00:00:00Z,222,813
2022-03-03T00:00:00Z,222,146
2022-03-03T00:00:00Z,222,119
2022-03-03T00:00:00Z,223,578
2022-03-03T00:00:00Z,223,178
2022-03-03T00:00:00Z,224,219
2022-03-03T00:00:00Z,224,174
2022-03-03T00:00:00Z,224,225
2022-03-03T00:00:00Z,225,444
2022-03-03T00:00:00Z,225,219
2022-03-03T00:00:00Z,225,515
2022-03-03T00:00:00Z,225,224
2022-03-03T00:00:00Z,226,158
2022-03-03T00:00:00Z,226,955
2022-03-03T00:00:00Z,226,230
2022-03-03T00:00:00Z,227,16
2022-03-03T00:00:00Z,228,221
2022-03-03T00:00:00Z,228,446
2022-03-03T00:00:00Z,229,238
2022-03-03T00:00:00Z,229,841
2022-03-03T00:00:00Z,229,241
2022-03-03T00:00:00Z,229,220
2022-03-03T00:00:00Z,229,233
2022-03-03T00:00:00Z,230,884
2022-03-03T00:00:00Z,230,226
2022-03-03T00:00:00Z,231,210
2022-03-03T00:00:00Z,231,961
2022-03-03T00:00:00Z,232,84
2022-03-03T00:00:00Z,232,54
2022-03-03T00:00:00Z,233,238
2022-03-03T00:00:00Z,233,241
2022-03-03T00:00:00Z,233,229
2022-03-03T00:00:00Z,234,177
2022-03-03T00:00:00Z,235,236
2022-03-03T00:00:00Z,235,237
2022-03-03T00:00:00Z,235,196
2022-03-03T00:00:00Z,235,930
2022-03-03T00:00:00Z,235,176
2022-03-03T00:00:00Z,236,235
2022-03-03T00:00:00Z,236,237
2022-03-03T00:00:00Z,237,235
2022-03-03T00:00:00Z,237,236
2022-03-03T00:00:00Z,238,841
2022-03-03T00:00:00Z,238,241
2022-03-03T00:00:00Z,238,229
2022-03-03T00:00:00Z,238,528
2022-03-03T00:00:00Z,238,233
2022-03-03T00:00:00Z,240,212
2022-03-03T00:00:00Z,241,238
2022-03-03T00:00:00Z,241,229
2022-03-03T00:00:00Z,241,233
2022-03-03T00:00:00Z,243,956
2022-03-03T00:00:00Z,244,202
2022-03-03T00:00:00Z,244,6
2022-03-03T00:00:00Z,245,423
2022-03-03T00:00:00Z,245,248
2022-03-03T00:00:00Z,245,428
2022-03-03T00:00:00Z,246,644
2022-03-03T00:00:00Z,246,181
2022-03-03T00:00:00Z,247,819
2022-03-03T00:00:00Z,247,139
2022-03-03T00:00:00Z,248,423
2022-03-03T00:00:00Z,248,245
2022-03-03T00:00:00Z,248,428
2022-03-03T00:00:00Z,249,420
2022-03-03T00:00:00Z,249,341
2022-03-03T00:00:00Z,249,565
2022-03-03T00:00:00Z,250,196
2022-03-03T00:00:00Z,251,714
2022-03-03T00:00:00Z,251,113
2022-03-03T00:00:00Z,251,333
2022-03-03T00:00:00Z,251,93
2022-03-03T00:00:00Z,252,421
2022-03-03T00:00:00Z,252,371
2022-03-03T00:00:00Z,254,723
2022-03-03T00:00:00Z,254,770
2022-03-03T00:00:00Z,254,151
2022-03-03T00:00:00Z,255,342
2022-03-03T00:00:00Z,255,478
2022-03-03T00:00:00Z,257,374
2022-03-03T00:00:00Z,257,777
2022-03-03T00:00:00Z,260,481
2022-03-03T00:00:00Z,260,491
2022-03-03T00:00:00Z,260,477
2022-03-03T00:00:00Z,260,271
2022-03-03T00:00:00Z,260,296
2022-03-03T00:00:00Z,261,453
2022-03-03T00:00:00Z,261,305
2022-03-03T00:00:00Z,264,535
2022-03-03T00:00:00Z,265,980
2022-03-03T00:00:00Z,265,552
2022-03-03T00:00:00Z,265,347
2022-03-03T00:00:00Z,266,767
2022-03-03T00:00:00Z,267,459
2022-03-03T00:00:00Z,268,704
2022-03-03T00:00:00Z,269,286
2022-03-03T00:00:00Z,269,408
2022-03-03T00:00:00Z,269,508
2022-03-03T00:00:00Z,271,481
2022-03-03T00:00:00Z,271,976
2022-03-03T00:00:00Z,271,477
2022-03-03T00:00:00Z,271,260
2022-03-03T00:00:00Z,273,463
2022-03-03T00:00:00Z,273,445
2022-03-03T00:00:00Z,274,408
2022-03-03T00:00:00Z,274,398
2022-03-03T00:00:00Z,274,359
2022-03-03T00:00:00Z,274,403
2022-03-03T00:00:00Z,275,835
2022-03-03T00:00:00Z,276,915
2022-03-03T00:00:00Z,276,940
2022-03-03T00:00:00Z,276,789
2022-03-03T00:00:00Z,276,645
2022-03-03T00:00:00Z,277,385
2022-03-03T00:00:00Z,277,467
2022-03-03T00:00:00Z,281,100
2022-03-03T00:00:00Z,281,438
2022-03-03T00:00:00Z,282,850
2022-03-03T00:00:00Z,282,614
2022-03-03T00:00:00Z,282,587
2022-03-03T00:00:00Z,283,287
2022-03-03T00:00:00Z,283,963
2022-03-03T00:00:00Z,284,377
2022-03-03T00:00:00Z,284,306
2022-03-03T00:00:00Z,286,873
2022-03-03T00:00:00Z,286,269
2022-03-03T00:00:00Z,287,283
2022-03-03T00:00:00Z,288,803
2022-03-03T00:00:00Z,288,992
2022-03-03T00:00:00Z,289,427
2022-03-03T00:00:00Z,289,378
2022-03-03T00:00:00Z,290,935
2022-03-03T00:00:00Z,291,976
2022-03-03T00:00:00Z,291,442
2022-03-03T00:00:00Z,291,396
2022-03-03T00:00:00Z,292,752
2022-03-03T00:00:00Z,292,320
2022-03-03T00:00:00Z,292,805
2022-03-03T00:00:00Z,294,355
2022-03-03T00:00:00Z,295,439
2022-03-03T00:00:00Z,296,468
2022-03-03T00:00:00Z,296,260
2022-03-03T00:00:00Z,296,303
2022-03-03T00:00:00Z,297,734
2022-03-03T00:00:00Z,299,305
2022-03-03T00:00:00Z,303,468
2022-03-03T00:00:00Z,303,296
2022-03-03T00:00:00Z,303,150
2022-03-03T00:00:00Z,304,869
2022-03-03T00:00:00Z,305,261
2022-03-03T00:00:00Z,305,453
2022-03-03T00:00:00Z,305,999
2022-03-03T00:00:00Z,305,299
2022-03-03T00:00:00Z,306,377
2022-03-03T00:00:00Z,306,284
2022-03-03T00:00:00Z,307,373
2022-03-03T00:00:00Z,308,738
2022-03-03T00:00:00Z,310,748
2022-03-03T00:00:00Z,311,424
2022-03-03T00:00:00Z,311,488
2022-03-03T00:00:00Z,311,321
2022-03-03T00:00:00Z,312,620
2022-03-03T00:00:00Z,312,216
2022-03-03T00:00:00Z,312,625
2022-03-03T00:00:00Z,314,397
2022-03-03T00:00:00Z,314,381
2022-03-03T00:00:00Z,314,393
2022-03-03T00:00:00Z,314,922
2022-03-03T00:00:00Z,315,571
2022-03-03T00:00:00Z,316,143
2022-03-03T00:00:00Z,316,731
2022-03-03T00:00:00Z,317,971
2022-03-03T00:00:00Z,318,473
2022-03-03T00:00:00Z,319,699
2022-03-03T00:00:00Z,320,292
2022-03-03T00:00:00Z,320,187
2022-03-03T00:00:00Z,320,805
2022-03-03T00:00:00Z,321,359
2022-03-03T00:00:00Z,321,311
2022-03-03T00:00:00Z,321,488
2022-03-03T00:00:00Z,322,472
2022-03-03T00:00:00Z,322,620
2022-03-03T00:00:00Z,322,422
2022-03-03T00:00:00Z,322,436
2022-03-03T00:00:00Z,322,370
2022-03-03T00:00:00Z,322,465
2022-03-03T00:00:00Z,322,363
2022-03-03T00:00:00Z,322,464
2022-03-03T00:00:00Z,323,447
2022-03-03T00:00:00Z,323,1009
2022-03-03T00:00:00Z,323,349
2022-03-03T00:00:00Z,323,90
2022-03-03T00:00:00Z,324,485
2022-03-03T00:00:00Z,325,503
2022-03-03T00:00:00Z,325,411
2022-03-03T00:00:00Z,325,330
2022-03-03T00:00:00Z,327,623
2022-03-03T00:00:00Z,327,339
2022-03-03T00:00:00Z,327,700
2022-03-03T00:00:00Z,328,443
2022-03-03T00:00:00Z,328,947
2022-03-03T00:00:00Z,329,894
2022-03-03T00:00:00Z,330,325
2022-03-03T00:00:00Z,330,503
2022-03-03T00:00:00Z,330,331
2022-03-03T00:00:00Z,331,134
2022-03-03T00:00:00Z,331,503
2022-03-03T00:00:00Z,331,330
2022-03-03T00:00:00Z,331,919
2022-03-03T00:00:00Z,332,631
2022-03-03T00:00:00Z,333,929
2022-03-03T00:00:00Z,333,861
2022-03-03T00:00:00Z,333,251
2022-03-03T00:00:00Z,334,912
2022-03-03T00:00:00Z,336,345
2022-03-03T00:00:00Z,338,711
2022-03-03T00:00:00Z,339,327
2022-03-03T00:00:00Z,339,519
2022-03-03T00:00:00Z,339,700
2022-03-03T00:00:00Z,339,513
2022-03-03T00:00:00Z,339,894
2022-03-03T00:00:00Z,340,998
2022-03-03T00:00:00Z,340,939
2022-03-03T00:00:00Z,341,565
2022-03-03T00:00:00Z,341,544
2022-03-03T00:00:00Z,341,249
2022-03-03T00:00:00Z,342,686
2022-03-03T00:00:00Z,342,255
2022-03-03T00:00:00Z,342,460
2022-03-03T00:00:00Z,342,159
2022-03-03T00:00:00Z,342,478
2022-03-03T00:00:00Z,342,456
2022-03-03T00:00:00Z,342,409
2022-03-03T00:00:00Z,344,415
2022-03-03T00:00:00Z,345,336
2022-03-03T00:00:00Z,345,635
2022-03-03T00:00:00Z,347,980
2022-03-03T00:00:00Z,347,265
2022-03-03T00:00:00Z,348,417
2022-03-03T00:00:00Z,348,357
2022-03-03T00:00:00Z,348,926
2022-03-03T00:00:00Z,348,349
2022-03-03T00:00:00Z,348,1009
2022-03-03T00:00:00Z,348,450
2022-03-03T00:00:00Z,348,492
2022-03-03T00:00:00Z,349,417
2022-03-03T00:00:00Z,349,926
2022-03-03T00:00:00Z,349,348
2022-03-03T00:00:00Z,349,1009
2022-03-03T00:00:00Z,349,323
2022-03-03T00:00:00Z,349,492
2022-03-03T00:00:00Z,350,557
2022-03-03T00:00:00Z,350,738
2022-03-03T00:00:00Z,350,487
2022-03-03T00:00:00Z,351,480
2022-03-03T00:00:00Z,353,470
2022-03-03T00:00:00Z,353,386
2022-03-03T00:00:00Z,354,155
2022-03-03T00:00:00Z,355,294
2022-03-03T00:00:00Z,356,439
2022-03-03T00:00:00Z,357,21
2022-03-03T00:00:00Z,357,417
2022-03-03T00:00:00Z,357,948
2022-03-03T00:00:00Z,357,926
2022-03-03T00:00:00Z,357,348
2022-03-03T00:00:00Z,357,930
2022-03-03T00:00:00Z,358,493
2022-03-03T00:00:00Z,358,484
2022-03-03T00:00:00Z,359,405
2022-03-03T00:00:00Z,359,398
2022-03-03T00:00:00Z,359,274
2022-03-03T00:00:00Z,359,321
2022-03-03T00:00:00Z,360,472
2022-03-03T00:00:00Z,360,390
2022-03-03T00:00:00Z,360,407
2022-03-03T00:00:00Z,361,747
2022-03-03T00:00:00Z,362,469
2022-03-03T00:00:00Z,362,399
2022-03-03T00:00:00Z,363,436
2022-03-03T00:00:00Z,363,322
2022-03-03T00:00:00Z,363,370
2022-03-03T00:00:00Z,363,846
2022-03-03T00:00:00Z,363,464
2022-03-03T00:00:00Z,364,705
2022-03-03T00:00:00Z,365,822
2022-03-03T00:00:00Z,367,414
2022-03-03T00:00:00Z,367,755
2022-03-03T00:00:00Z,368,528
2022-03-03T00:00:00Z,370,422
2022-03-03T00:00:00Z,370,436
2022-03-03T00:00:00Z,370,322
2022-03-03T00:00:00Z,370,465
2022-03-03T00:00:00Z,370,363
2022-03-03T00:00:00Z,370,464
2022-03-03T00:00:00Z,371,252
2022-03-03T00:00:00Z,373,393
2022-03-03T00:00:00Z,373,307
2022-03-03T00:00:00Z,374,257
2022-03-03T00:00:00Z,375,545
2022-03-03T00:00:00Z,375,536
2022-03-03T00:00:00Z,375,812
2022-03-03T00:00:00Z,377,284
2022-03-03T00:00:00Z,377,306
2022-03-03T00:00:00Z,377,554
2022-03-03T00:00:00Z,378,437
2022-03-03T00:00:00Z,378,427
2022-03-03T00:00:00Z,378,289
2022-03-03T00:00:00Z,378,448
2022-03-03T00:00:00Z,379,851
2022-03-03T00:00:00Z,379,801
2022-03-03T00:00:00Z,381,314
2022-03-03T00:00:00Z,381,397
2022-03-03T00:00:00Z,381,922
2022-03-03T00:00:00Z,382,425
2022-03-03T00:00:00Z,384,409
2022-03-03T00:00:00Z,385,277
2022-03-03T00:00:00Z,385,395
2022-03-03T00:00:00Z,386,470
2022-03-03T00:00:00Z,386,353
2022-03-03T00:00:00Z,387,583
2022-03-03T00:00:00Z,387,467
2022-03-03T00:00:00Z,388,469
2022-03-03T00:00:00Z,388,405
2022-03-03T00:00:00Z,389,430
2022-03-03T00:00:00Z,390,472
2022-03-03T00:00:00Z,390,405
2022-03-03T00:00:00Z,390,436
2022-03-03T00:00:00Z,390,360
2022-03-03T00:00:00Z,390,79
2022-03-03T00:00:00Z,390,501
2022-03-03T00:00:00Z,391,938
2022-03-03T00:00:00Z,391,935
2022-03-03T00:00:00Z,391,423
2022-03-03T00:00:00Z,393,724
2022-03-03T00:00:00Z,393,314
2022-03-03T00:00:00Z,393,373
2022-03-03T00:00:00Z,394,159
2022-03-03T00:00:00Z,394,456
2022-03-03T00:00:00Z,395,385
2022-03-03T00:00:00Z,396,976
2022-03-03T00:00:00Z,396,291
2022-03-03T00:00:00Z,396,87
2022-03-03T00:00:00Z,396,421
2022-03-03T00:00:00Z,397,314
2022-03-03T00:00:00Z,397,381
2022-03-03T00:00:00Z,397,922
2022-03-03T00:00:00Z,398,408
2022-03-03T00:00:00Z,398,359
2022-03-03T00:00:00Z,398,274
2022-03-03T00:00:00Z,399,362
2022-03-03T00:00:00Z,400,441
2022-03-03T00:00:00Z,400,479
2022-03-03T00:00:00Z,400,462
2022-03-03T00:00:00Z,401,737
2022-03-03T00:00:00Z,403,274
2022-03-03T00:00:00Z,404,194
2022-03-03T00:00:00Z,405,472
2022-03-03T00:00:00Z,405,390
2022-03-03T00:00:00Z,405,469
2022-03-03T00:00:00Z,405,359
2022-03-03T00:00:00Z,405,388
2022-03-03T00:00:00Z,407,360
2022-03-03T00:00:00Z,408,398
2022-03-03T00:00:00Z,408,927
2022-03-03T00:00:00Z,408,274
2022-03-03T00:00:00Z,408,269
2022-03-03T00:00:00Z,408,984
2022-03-03T00:00:00Z,408,162
2022-03-03T00:00:00Z,408,478
2022-03-03T00:00:00Z,408,409
2022-03-03T00:00:00Z,408,448
2022-03-03T00:00:00Z,409,408
2022-03-03T00:00:00Z,409,384
2022-03-03T00:00:00Z,409,416
2022-03-03T00:00:00Z,409,342
2022-03-03T00:00:00Z,409,984
2022-03-03T00:00:00Z,409,478
2022-03-03T00:00:00Z,409,448
2022-03-03T00:00:00Z,411,325
2022-03-03T00:00:00Z,411,503
2022-03-03T00:00:00Z,412,445
2022-03-03T00:00:00Z,413,874
2022-03-03T00:00:00Z,414,367
2022-03-03T00:00:00Z,414,755
2022-03-03T00:00:00Z,415,344
2022-03-03T00:00:00Z,416,409
2022-03-03T00:00:00Z,416,448
2022-03-03T00:00:00Z,417,21
2022-03-03T00:00:00Z,417,948
2022-03-03T00:00:00Z,417,357
2022-03-03T00:00:00Z,417,926
2022-03-03T00:00:00Z,417,348
2022-03-03T00:00:00Z,417,349
2022-03-03T00:00:00Z,417,1009
2022-03-03T00:00:00Z,417,930
2022-03-03T00:00:00Z,417,492
2022-03-03T00:00:00Z,419,687
2022-03-03T00:00:00Z,420,673
2022-03-03T00:00:00Z,420,249
2022-03-03T00:00:00Z,421,252
2022-03-03T00:00:00Z,421,396
2022-03-03T00:00:00Z,422,322
2022-03-03T00:00:00Z,422,370
2022-03-03T00:00:00Z,422,498
2022-03-03T00:00:00Z,422,464
2022-03-03T00:00:00Z,423,391
2022-03-03T00:00:00Z,423,248
2022-03-03T00:00:00Z,423,245
2022-03-03T00:00:00Z,423,428
2022-03-03T00:00:00Z,424,311
2022-03-03T00:00:00Z,425,382
2022-03-03T00:00:00Z,426,435
2022-03-03T00:00:00Z,426,438
2022-03-03T00:00:00Z,427,463
2022-03-03T00:00:00Z,427,445
2022-03-03T00:00:00Z,427,540
2022-03-03T00:00:00Z,427,289
2022-03-03T00:00:00Z,427,378
2022-03-03T00:00:00Z,428,423
2022-03-03T00:00:00Z,428,248
2022-03-03T00:00:00Z,428,748
2022-03-03T00:00:00Z,428,245
2022-03-03T00:00:00Z,429,660
2022-03-03T00:00:00Z,429,582
2022-03-03T00:00:00Z,430,78
2022-03-03T00:00:00Z,430,389
2022-03-03T00:00:00Z,430,493
2022-03-03T00:00:00Z,431,453
2022-03-03T00:00:00Z,431,487
2022-03-03T00:00:00Z,432,72
2022-03-03T00:00:00Z,433,91
2022-03-03T00:00:00Z,434,554
2022-03-03T00:00:00Z,435,426
2022-03-03T00:00:00Z,436,472
2022-03-03T00:00:00Z,436,390
2022-03-03T00:00:00Z,436,322
2022-03-03T00:00:00Z,436,370
2022-03-03T00:00:00Z,436,465
2022-03-03T00:00:00Z,436,363
2022-03-03T00:00:00Z,436,464
2022-03-03T00:00:00Z,437,457
2022-03-03T00:00:00Z,437,378
2022-03-03T00:00:00Z,438,100
2022-03-03T00:00:00Z,438,281
2022-03-03T00:00:00Z,438,426
2022-03-03T00:00:00Z,439,356
2022-03-03T00:00:00Z,439,295
2022-03-03T00:00:00Z,441,1002
2022-03-03T00:00:00Z,441,462
2022-03-03T00:00:00Z,441,479
2022-03-03T00:00:00Z,441,400
2022-03-03T00:00:00Z,442,291
2022-03-03T00:00:00Z,443,328
2022-03-03T00:00:00Z,444,225
2022-03-03T00:00:00Z,444,622
2022-03-03T00:00:00Z,445,463
2022-03-03T00:00:00Z,445,427
2022-03-03T00:00:00Z,445,412
2022-03-03T00:00:00Z,445,273
2022-03-03T00:00:00Z,446,228
2022-03-03T00:00:00Z,446,736
2022-03-03T00:00:00Z,447,1009
2022-03-03T00:00:00Z,447,90
2022-03-03T00:00:00Z,447,323
2022-03-03T00:00:00Z,448,408
2022-03-03T00:00:00Z,448,416
2022-03-03T00:00:00Z,448,451
2022-03-03T00:00:00Z,448,378
2022-03-03T00:00:00Z,448,984
2022-03-03T00:00:00Z,448,409
2022-03-03T00:00:00Z,450,926
2022-03-03T00:00:00Z,450,348
2022-03-03T00:00:00Z,451,448
2022-03-03T00:00:00Z,452,495
2022-03-03T00:00:00Z,453,431
2022-03-03T00:00:00Z,453,261
2022-03-03T00:00:00Z,453,77
2022-03-03T00:00:00Z,453,305
2022-03-03T00:00:00Z,454,800
2022-03-03T00:00:00Z,456,686
2022-03-03T00:00:00Z,456,394
2022-03-03T00:00:00Z,456,460
2022-03-03T00:00:00Z,456,342
2022-03-03T00:00:00Z,456,159
2022-03-03T00:00:00Z,457,437
2022-03-03T00:00:00Z,457,581
2022-03-03T00:00:00Z,459,460
2022-03-03T00:00:00Z,459,267
2022-03-03T00:00:00Z,460,459
2022-03-03T00:00:00Z,460,342
2022-03-03T00:00:00Z,460,461
2022-03-03T00:00:00Z,460,456
2022-03-03T00:00:00Z,461,460
2022-03-03T00:00:00Z,462,441
2022-03-03T00:00:00Z,462,479
2022-03-03T00:00:00Z,462,400
2022-03-03T00:00:00Z,463,445
2022-03-03T00:00:00Z,463,427
2022-03-03T00:00:00Z,463,273
2022-03-03T00:00:00Z,464,472
2022-03-03T00:00:00Z,464,422
2022-03-03T00:00:00Z,464,436
2022-03-03T00:00:00Z,464,322
2022-03-03T00:00:00Z,464,370
2022-03-03T00:00:00Z,464,465
2022-03-03T00:00:00Z,464,363
2022-03-03T00:00:00Z,465,436
2022-03-03T00:00:00Z,465,322
2022-03-03T00:00:00Z,465,370
2022-03-03T00:00:00Z,465,464
2022-03-03T00:00:00Z,466,739
2022-03-03T00:00:00Z,467,387
2022-03-03T00:00:00Z,467,277
2022-03-03T00:00:00Z,468,296
2022-03-03T00:00:00Z,468,303
2022-03-03T00:00:00Z,469,405
2022-03-03T00:00:00Z,469,362
2022-03-03T00:00:00Z,469,388
2022-03-03T00:00:00Z,470,474
2022-03-03T00:00:00Z,470,386
2022-03-03T00:00:00Z,470,471
2022-03-03T00:00:00Z,470,353
2022-03-03T00:00:00Z,471,470
2022-03-03T00:00:00Z,471,474
2022-03-03T00:00:00Z,472,390
2022-03-03T00:00:00Z,472,405
2022-03-03T00:00:00Z,472,436
2022-03-03T00:00:00Z,472,322
2022-03-03T00:00:00Z,472,360
2022-03-03T00:00:00Z,472,79
2022-03-03T00:00:00Z,472,501
2022-03-03T00:00:00Z,472,464
2022-03-03T00:00:00Z,473,318
2022-03-03T00:00:00Z,474,470
2022-03-03T00:00:00Z,474,471
2022-03-03T00:00:00Z,476,565
2022-03-03T00:00:00Z,477,481
2022-03-03T00:00:00Z,477,909
2022-03-03T00:00:00Z,477,271
2022-03-03T00:00:00Z,477,260
2022-03-03T00:00:00Z,478,408
2022-03-03T00:00:00Z,478,255
2022-03-03T00:00:00Z,478,342
2022-03-03T00:00:00Z,478,162
2022-03-03T00:00:00Z,478,409
2022-03-03T00:00:00Z,479,441
2022-03-03T00:00:00Z,479,462
2022-03-03T00:00:00Z,479,400
2022-03-03T00:00:00Z,480,864
2022-03-03T00:00:00Z,480,351
2022-03-03T00:00:00Z,481,477
2022-03-03T00:00:00Z,481,271
2022-03-03T00:00:00Z,481,936
2022-03-03T00:00:00Z,481,260
2022-03-03T00:00:00Z,481,58
2022-03-03T00:00:00Z,482,140
2022-03-03T00:00:00Z,483,710
2022-03-03T00:00:00Z,484,358
2022-03-03T00:00:00Z,484,852
2022-03-03T00:00:00Z,484,493
2022-03-03T00:00:00Z,485,324
2022-03-03T00:00:00Z,486,694
2022-03-03T00:00:00Z,486,739
2022-03-03T00:00:00Z,487,431
2022-03-03T00:00:00Z,487,350
2022-03-03T00:00:00Z,488,311
2022-03-03T00:00:00Z,488,101
2022-03-03T00:00:00Z,488,321
2022-03-03T00:00:00Z,490,537
2022-03-03T00:00:00Z,491,496
2022-03-03T00:00:00Z,491,260
2022-03-03T00:00:00Z,491,494
2022-03-03T00:00:00Z,492,417
2022-03-03T00:00:00Z,492,926
2022-03-03T00:00:00Z,492,348
2022-03-03T00:00:00Z,492,349
2022-03-03T00:00:00Z,492,1009
2022-03-03T00:00:00Z,493,358
2022-03-03T00:00:00Z,493,430
2022-03-03T00:00:00Z,493,484
2022-03-03T00:00:00Z,494,491
2022-03-03T00:00:00Z,494,496
2022-03-03T00:00:00Z,495,1010
2022-03-03T00:00:00Z,495,452
2022-03-03T00:00:00Z,496,620
2022-03-03T00:00:00Z,496,491
2022-03-03T00:00:00Z,496,494
2022-03-03T00:00:00Z,498,422
2022-03-03T00:00:00Z,501,472
2022-03-03T00:00:00Z,501,390
2022-03-03T00:00:00Z,501,79
2022-03-03T00:00:00Z,502,1002
2022-03-03T00:00:00Z,503,325
2022-03-03T00:00:00Z,503,411
2022-03-03T00:00:00Z,503,331
2022-03-03T00:00:00Z,503,330
2022-03-03T00:00:00Z,503,919
2022-03-03T00:00:00Z,504,751
2022-03-03T00:00:00Z,505,140
2022-03-03T00:00:00Z,506,527
2022-03-03T00:00:00Z,506,538
2022-03-03T00:00:00Z,508,58
2022-03-03T00:00:00Z,508,269
2022-03-03T00:00:00Z,508,751
2022-03-03T00:00:00Z,509,613
2022-03-03T00:00:00Z,511,795
2022-03-03T00:00:00Z,512,587
2022-03-03T00:00:00Z,513,623
2022-03-03T00:00:00Z,513,339
2022-03-03T00:00:00Z,515,784
2022-03-03T00:00:00Z,515,848
2022-03-03T00:00:00Z,515,225
2022-03-03T00:00:00Z,515,622
2022-03-03T00:00:00Z,516,524
2022-03-03T00:00:00Z,518,597
2022-03-03T00:00:00Z,519,623
2022-03-03T00:00:00Z,519,339
2022-03-03T00:00:00Z,519,700
2022-03-03T00:00:00Z,520,677
2022-03-03T00:00:00Z,520,890
2022-03-03T00:00:00Z,520,12
2022-03-03T00:00:00Z,521,809
2022-03-03T00:00:00Z,524,516
2022-03-03T00:00:00Z,526,654
2022-03-03T00:00:00Z,526,582
2022-03-03T00:00:00Z,527,506
2022-03-03T00:00:00Z,527,538
2022-03-03T00:00:00Z,527,173
2022-03-03T00:00:00Z,528,238
2022-03-03T00:00:00Z,528,368
2022-03-03T00:00:00Z,529,991
2022-03-03T00:00:00Z,529,691
2022-03-03T00:00:00Z,529,648
2022-03-03T00:00:00Z,530,991
2022-03-03T00:00:00Z,530,573
2022-03-03T00:00:00Z,530,648
2022-03-03T00:00:00Z,531,677
2022-03-03T00:00:00Z,531,890
2022-03-03T00:00:00Z,531,12
2022-03-03T00:00:00Z,532,770
2022-03-03T00:00:00Z,535,108
2022-03-03T00:00:00Z,535,264
2022-03-03T00:00:00Z,536,375
2022-03-03T00:00:00Z,536,812
2022-03-03T00:00:00Z,537,490
2022-03-03T00:00:00Z,537,652
2022-03-03T00:00:00Z,537,564
2022-03-03T00:00:00Z,538,527
2022-03-03T00:00:00Z,538,506
2022-03-03T00:00:00Z,539,729
2022-03-03T00:00:00Z,540,1010
2022-03-03T00:00:00Z,540,427
2022-03-03T00:00:00Z,540,966
2022-03-03T00:00:00Z,542,848
2022-03-03T00:00:00Z,542,891
2022-03-03T00:00:00Z,544,341
2022-03-03T00:00:00Z,544,630
2022-03-03T00:00:00Z,544,565
2022-03-03T00:00:00Z,545,703
2022-03-03T00:00:00Z,545,375
2022-03-03T00:00:00Z,547,797
2022-03-03T00:00:00Z,548,812
2022-03-03T00:00:00Z,552,980
2022-03-03T00:00:00Z,552,265
2022-03-03T00:00:00Z,554,377
2022-03-03T00:00:00Z,554,434
2022-03-03T00:00:00Z,556,751
2022-03-03T00:00:00Z,557,350
2022-03-03T00:00:00Z,557,569
2022-03-03T00:00:00Z,557,33
2022-03-03T00:00:00Z,557,738
2022-03-03T00:00:00Z,560,795
2022-03-03T00:00:00Z,560,775
2022-03-03T00:00:00Z,561,929
2022-03-03T00:00:00Z,561,861
2022-03-03T00:00:00Z,562,768
2022-03-03T00:00:00Z,562,695
2022-03-03T00:00:00Z,562,750
2022-03-03T00:00:00Z,562,598
2022-03-03T00:00:00Z,562,706
2022-03-03T00:00:00Z,564,652
2022-03-03T00:00:00Z,564,537
2022-03-03T00:00:00Z,565,341
2022-03-03T00:00:00Z,565,630
2022-03-03T00:00:00Z,565,544
2022-03-03T00:00:00Z,565,476
2022-03-03T00:00:00Z,565,249
2022-03-03T00:00:00Z,566,989
2022-03-03T00:00:00Z,566,684
2022-03-03T00:00:00Z,566,692
2022-03-03T00:00:00Z,567,624
2022-03-03T00:00:00Z,568,663
2022-03-03T00:00:00Z,569,557
2022-03-03T00:00:00Z,569,607
2022-03-03T00:00:00Z,569,738
2022-03-03T00:00:00Z,570,674
2022-03-03T00:00:00Z,571,315
2022-03-03T00:00:00Z,572,574
2022-03-03T00:00:00Z,573,991
2022-03-03T00:00:00Z,573,530
2022-03-03T00:00:00Z,573,648
2022-03-03T00:00:00Z,574,572
2022-03-03T00:00:00Z,578,719
2022-03-03T00:00:00Z,578,223
2022-03-03T00:00:00Z,579,652
2022-03-03T00:00:00Z,580,647
2022-03-03T00:00:00Z,581,457
2022-03-03T00:00:00Z,582,654
2022-03-03T00:00:00Z,582,612
2022-03-03T00:00:00Z,582,15
2022-03-03T00:00:00Z,582,429
2022-03-03T00:00:00Z,582,526
2022-03-03T00:00:00Z,583,387
2022-03-03T00:00:00Z,583,656
2022-03-03T00:00:00Z,583,596
2022-03-03T00:00:00Z,584,853
2022-03-03T00:00:00Z,584,49
2022-03-03T00:00:00Z,585,698
2022-03-03T00:00:00Z,585,945
2022-03-03T00:00:00Z,585,594
2022-03-03T00:00:00Z,586,848
2022-03-03T00:00:00Z,586,891
2022-03-03T00:00:00Z,587,512
2022-03-03T00:00:00Z,587,282
2022-03-03T00:00:00Z,588,970
2022-03-03T00:00:00Z,590,610
2022-03-03T00:00:00Z,591,606
2022-03-03T00:00:00Z,591,593
2022-03-03T00:00:00Z,592,815
2022-03-03T00:00:00Z,593,915
2022-03-03T00:00:00Z,593,591
2022-03-03T00:00:00Z,593,729
2022-03-03T00:00:00Z,594,585
2022-03-03T00:00:00Z,594,635
2022-03-03T00:00:00Z,595,684
2022-03-03T00:00:00Z,596,583
2022-03-03T00:00:00Z,597,908
2022-03-03T00:00:00Z,597,518
2022-03-03T00:00:00Z,597,618
2022-03-03T00:00:00Z,598,562
2022-03-03T00:00:00Z,604,696
2022-03-03T00:00:00Z,606,915
2022-03-03T00:00:00Z,606,591
2022-03-03T00:00:00Z,606,729
2022-03-03T00:00:00Z,607,569
2022-03-03T00:00:00Z,607,87
2022-03-03T00:00:00Z,607,33
2022-03-03T00:00:00Z,608,678
2022-03-03T00:00:00Z,608,917
2022-03-03T00:00:00Z,609,164
2022-03-03T00:00:00Z,610,731
2022-03-03T00:00:00Z,610,590
2022-03-03T00:00:00Z,611,658
2022-03-03T00:00:00Z,612,582
2022-03-03T00:00:00Z,613,509
2022-03-03T00:00:00Z,613,92
2022-03-03T00:00:00Z,614,282
2022-03-03T00:00:00Z,615,216
2022-03-03T00:00:00Z,615,752
2022-03-03T00:00:00Z,616,695
2022-03-03T00:00:00Z,616,960
2022-03-03T00:00:00Z,616,689
2022-03-03T00:00:00Z,618,597
2022-03-03T00:00:00Z,618,908
2022-03-03T00:00:00Z,620,312
2022-03-03T00:00:00Z,620,322
2022-03-03T00:00:00Z,620,496
2022-03-03T00:00:00Z,620,216
2022-03-03T00:00:00Z,622,444
2022-03-03T00:00:00Z,622,22
2022-03-03T00:00:00Z,622,91
2022-03-03T00:00:00Z,622,515
2022-03-03T00:00:00Z,623,327
2022-03-03T00:00:00Z,623,519
2022-03-03T00:00:00Z,623,700
2022-03-03T00:00:00Z,623,513
2022-03-03T00:00:00Z,624,567
2022-03-03T00:00:00Z,625,312
2022-03-03T00:00:00Z,625,216
2022-03-03T00:00:00Z,625,675
2022-03-03T00:00:00Z,625,752
2022-03-03T00:00:00Z,626,175
2022-03-03T00:00:00Z,626,96
2022-03-03T00:00:00Z,626,19
2022-03-03T00:00:00Z,630,565
2022-03-03T00:00:00Z,630,544
2022-03-03T00:00:00Z,631,332
2022-03-03T00:00:00Z,635,345
2022-03-03T00:00:00Z,635,594
2022-03-03T00:00:00Z,635,674
2022-03-03T00:00:00Z,638,732
2022-03-03T00:00:00Z,644,246
2022-03-03T00:00:00Z,645,276
2022-03-03T00:00:00Z,646,727
2022-03-03T00:00:00Z,647,580
2022-03-03T00:00:00Z,648,529
2022-03-03T00:00:00Z,648,573
2022-03-03T00:00:00Z,648,530
2022-03-03T00:00:00Z,648,691
2022-03-03T00:00:00Z,649,699
2022-03-03T00:00:00Z,651,825
2022-03-03T00:00:00Z,651,847
2022-03-03T00:00:00Z,652,579
2022-03-03T00:00:00Z,652,537
2022-03-03T00:00:00Z,652,564
2022-03-03T00:00:00Z,654,15
2022-03-03T00:00:00Z,654,582
2022-03-03T00:00:00Z,654,526
2022-03-03T00:00:00Z,656,583
2022-03-03T00:00:00Z,657,668
2022-03-03T00:00:00Z,658,611
2022-03-03T00:00:00Z,660,429
2022-03-03T00:00:00Z,663,568
2022-03-03T00:00:00Z,667,36
2022-03-03T00:00:00Z,668,657
2022-03-03T00:00:00Z,671,154
2022-03-03T00:00:00Z,672,726
2022-03-03T00:00:00Z,673,420
2022-03-03T00:00:00Z,674,635
2022-03-03T00:00:00Z,674,570
2022-03-03T00:00:00Z,675,752
2022-03-03T00:00:00Z,675,625
2022-03-03T00:00:00Z,676,899
2022-03-03T00:00:00Z,677,531
2022-03-03T00:00:00Z,677,890
2022-03-03T00:00:00Z,677,520
2022-03-03T00:00:00Z,678,608
2022-03-03T00:00:00Z,678,681
2022-03-03T00:00:00Z,681,678
2022-03-03T00:00:00Z,684,686
2022-03-03T00:00:00Z,684,566
2022-03-03T00:00:00Z,684,692
2022-03-03T00:00:00Z,684,595
2022-03-03T00:00:00Z,685,734
2022-03-03T00:00:00Z,685,697
2022-03-03T00:00:00Z,686,684
2022-03-03T00:00:00Z,686,342
2022-03-03T00:00:00Z,686,692
2022-03-03T00:00:00Z,686,456
2022-03-03T00:00:00Z,687,419
2022-03-03T00:00:00Z,687,726
2022-03-03T00:00:00Z,688,725
2022-03-03T00:00:00Z,689,616
2022-03-03T00:00:00Z,689,960
2022-03-03T00:00:00Z,691,529
2022-03-03T00:00:00Z,691,648
2022-03-03T00:00:00Z,691,778
2022-03-03T00:00:00Z,692,686
2022-03-03T00:00:00Z,692,566
2022-03-03T00:00:00Z,692,684
2022-03-03T00:00:00Z,694,486
2022-03-03T00:00:00Z,694,739
2022-03-03T00:00:00Z,695,616
2022-03-03T00:00:00Z,695,960
2022-03-03T00:00:00Z,695,562
2022-03-03T00:00:00Z,695,706
2022-03-03T00:00:00Z,695,722
2022-03-03T00:00:00Z,695,753
2022-03-03T00:00:00Z,696,730
2022-03-03T00:00:00Z,696,604
2022-03-03T00:00:00Z,697,734
2022-03-03T00:00:00Z,697,685
2022-03-03T00:00:00Z,698,945
2022-03-03T00:00:00Z,698,699
2022-03-03T00:00:00Z,698,585
2022-03-03T00:00:00Z,698,707
2022-03-03T00:00:00Z,698,702
2022-03-03T00:00:00Z,699,698
2022-03-03T00:00:00Z,699,319
2022-03-03T00:00:00Z,699,707
2022-03-03T00:00:00Z,699,702
2022-03-03T00:00:00Z,699,649
2022-03-03T00:00:00Z,700,623
2022-03-03T00:00:00Z,700,327
2022-03-03T00:00:00Z,700,519
2022-03-03T00:00:00Z,700,339
2022-03-03T00:00:00Z,702,698
2022-03-03T00:00:00Z,702,699
2022-03-03T00:00:00Z,702,707
2022-03-03T00:00:00Z,703,545
2022-03-03T00:00:00Z,704,268
2022-03-03T00:00:00Z,705,364
2022-03-03T00:00:00Z,706,695
2022-03-03T00:00:00Z,706,562
2022-03-03T00:00:00Z,706,722
2022-03-03T00:00:00Z,707,698
2022-03-03T00:00:00Z,707,699
2022-03-03T00:00:00Z,707,702
2022-03-03T00:00:00Z,710,791
2022-03-03T00:00:00Z,710,483
2022-03-03T00:00:00Z,710,899
2022-03-03T00:00:00Z,711,713
2022-03-03T00:00:00Z,711,714
2022-03-03T00:00:00Z,711,716
2022-03-03T00:00:00Z,711,712
2022-03-03T00:00:00Z,711,717
2022-03-03T00:00:00Z,711,338
2022-03-03T00:00:00Z,712,126
2022-03-03T00:00:00Z,712,713
2022-03-03T00:00:00Z,712,717
2022-03-03T00:00:00Z,712,711
2022-03-03T00:00:00Z,713,712
2022-03-03T00:00:00Z,713,717
2022-03-03T00:00:00Z,713,711
2022-03-03T00:00:00Z,714,743
2022-03-03T00:00:00Z,714,716
2022-03-03T00:00:00Z,714,251
2022-03-03T00:00:00Z,714,740
2022-03-03T00:00:00Z,714,711
2022-03-03T00:00:00Z,715,32
2022-03-03T00:00:00Z,716,714
2022-03-03T00:00:00Z,716,717
2022-03-03T00:00:00Z,716,711
2022-03-03T00:00:00Z,717,713
2022-03-03T00:00:00Z,717,716
2022-03-03T00:00:00Z,717,41
2022-03-03T00:00:00Z,717,712
2022-03-03T00:00:00Z,717,711
2022-03-03T00:00:00Z,718,723
2022-03-03T00:00:00Z,718,721
2022-03-03T00:00:00Z,719,578
2022-03-03T00:00:00Z,721,723
2022-03-03T00:00:00Z,721,145
2022-03-03T00:00:00Z,721,718
2022-03-03T00:00:00Z,721,956
2022-03-03T00:00:00Z,722,695
2022-03-03T00:00:00Z,722,706
2022-03-03T00:00:00Z,722,753
2022-03-03T00:00:00Z,723,770
2022-03-03T00:00:00Z,723,721
2022-03-03T00:00:00Z,723,254
2022-03-03T00:00:00Z,723,718
2022-03-03T00:00:00Z,724,949
2022-03-03T00:00:00Z,724,393
2022-03-03T00:00:00Z,725,688
2022-03-03T00:00:00Z,726,197
2022-03-03T00:00:00Z,726,687
2022-03-03T00:00:00Z,726,672
2022-03-03T00:00:00Z,727,646
2022-03-03T00:00:00Z,729,539
2022-03-03T00:00:00Z,729,915
2022-03-03T00:00:00Z,729,606
2022-03-03T00:00:00Z,729,593
2022-03-03T00:00:00Z,730,696
2022-03-03T00:00:00Z,731,610
2022-03-03T00:00:00Z,731,316
2022-03-03T00:00:00Z,732,948
2022-03-03T00:00:00Z,732,638
2022-03-03T00:00:00Z,734,697
2022-03-03T00:00:00Z,734,297
2022-03-03T00:00:00Z,734,685
2022-03-03T00:00:00Z,735,168
2022-03-03T00:00:00Z,736,446
2022-03-03T00:00:00Z,737,741
2022-03-03T00:00:00Z,737,401
2022-03-03T00:00:00Z,738,308
2022-03-03T00:00:00Z,738,350
2022-03-03T00:00:00Z,738,569
2022-03-03T00:00:00Z,738,557
2022-03-03T00:00:00Z,739,466
2022-03-03T00:00:00Z,739,486
2022-03-03T00:00:00Z,739,694
2022-03-03T00:00:00Z,740,714
2022-03-03T00:00:00Z,741,737
2022-03-03T00:00:00Z,743,714
2022-03-03T00:00:00Z,745,59
2022-03-03T00:00:00Z,747,361
2022-03-03T00:00:00Z,748,750
2022-03-03T00:00:00Z,748,754
2022-03-03T00:00:00Z,748,310
2022-03-03T00:00:00Z,748,428
2022-03-03T00:00:00Z,748,749
2022-03-03T00:00:00Z,749,750
2022-03-03T00:00:00Z,749,754
2022-03-03T00:00:00Z,749,748
2022-03-03T00:00:00Z,749,110
2022-03-03T00:00:00Z,750,768
2022-03-03T00:00:00Z,750,754
2022-03-03T00:00:00Z,750,562
2022-03-03T00:00:00Z,750,748
2022-03-03T00:00:00Z,750,749
2022-03-03T00:00:00Z,751,556
2022-03-03T00:00:00Z,751,504
2022-03-03T00:00:00Z,751,508
2022-03-03T00:00:00Z,752,292
2022-03-03T00:00:00Z,752,926
2022-03-03T00:00:00Z,752,927
2022-03-03T00:00:00Z,752,615
2022-03-03T00:00:00Z,752,675
2022-03-03T00:00:00Z,752,930
2022-03-03T00:00:00Z,752,625
2022-03-03T00:00:00Z,752,984
2022-03-03T00:00:00Z,753,695
2022-03-03T00:00:00Z,753,722
2022-03-03T00:00:00Z,754,750
2022-03-03T00:00:00Z,754,748
2022-03-03T00:00:00Z,754,749
2022-03-03T00:00:00Z,755,367
2022-03-03T00:00:00Z,755,414
2022-03-03T00:00:00Z,756,867
2022-03-03T00:00:00Z,758,939
2022-03-03T00:00:00Z,759,866
2022-03-03T00:00:00Z,760,855
2022-03-03T00:00:00Z,762,1006
2022-03-03T00:00:00Z,763,1005
2022-03-03T00:00:00Z,763,1007
2022-03-03T00:00:00Z,766,962
2022-03-03T00:00:00Z,766,881
2022-03-03T00:00:00Z,767,266
2022-03-03T00:00:00Z,768,750
2022-03-03T00:00:00Z,768,562
2022-03-03T00:00:00Z,769,207
2022-03-03T00:00:00Z,770,974
2022-03-03T00:00:00Z,770,723
2022-03-03T00:00:00Z,770,254
2022-03-03T00:00:00Z,770,151
2022-03-03T00:00:00Z,770,532
2022-03-03T00:00:00Z,771,947
2022-03-03T00:00:00Z,772,905
2022-03-03T00:00:00Z,775,560
2022-03-03T00:00:00Z,777,257
2022-03-03T00:00:00Z,778,200
2022-03-03T00:00:00Z,778,691
2022-03-03T00:00:00Z,778,195
2022-03-03T00:00:00Z,783,978
2022-03-03T00:00:00Z,783,894
2022-03-03T00:00:00Z,784,848
2022-03-03T00:00:00Z,784,899
2022-03-03T00:00:00Z,784,515
2022-03-03T00:00:00Z,785,200
2022-03-03T00:00:00Z,786,18
2022-03-03T00:00:00Z,788,917
2022-03-03T00:00:00Z,789,276
2022-03-03T00:00:00Z,789,994
2022-03-03T00:00:00Z,789,915
2022-03-03T00:00:00Z,791,710
2022-03-03T00:00:00Z,795,34
2022-03-03T00:00:00Z,795,560
2022-03-03T00:00:00Z,795,511
2022-03-03T00:00:00Z,797,12
2022-03-03T00:00:00Z,797,547
2022-03-03T00:00:00Z,799,870
2022-03-03T00:00:00Z,800,454
2022-03-03T00:00:00Z,801,851
2022-03-03T00:00:00Z,801,949
2022-03-03T00:00:00Z,801,379
2022-03-03T00:00:00Z,803,288
2022-03-03T00:00:00Z,803,992
2022-03-03T00:00:00Z,804,910
2022-03-03T00:00:00Z,805,292
2022-03-03T00:00:00Z,805,320
2022-03-03T00:00:00Z,809,951
2022-03-03T00:00:00Z,809,521
2022-03-03T00:00:00Z,812,375
2022-03-03T00:00:00Z,812,536
2022-03-03T00:00:00Z,812,548
2022-03-03T00:00:00Z,813,222
2022-03-03T00:00:00Z,813,146
2022-03-03T00:00:00Z,813,907
2022-03-03T00:00:00Z,814,950
2022-03-03T00:00:00Z,814,959
2022-03-03T00:00:00Z,815,592
2022-03-03T00:00:00Z,815,860
2022-03-03T00:00:00Z,819,167
2022-03-03T00:00:00Z,819,247
2022-03-03T00:00:00Z,820,63
2022-03-03T00:00:00Z,822,365
2022-03-03T00:00:00Z,825,651
2022-03-03T00:00:00Z,825,847
2022-03-03T00:00:00Z,829,61
2022-03-03T00:00:00Z,831,989
2022-03-03T00:00:00Z,835,275
2022-03-03T00:00:00Z,835,908
2022-03-03T00:00:00Z,835,906
2022-03-03T00:00:00Z,835,863
2022-03-03T00:00:00Z,840,28
2022-03-03T00:00:00Z,841,238
2022-03-03T00:00:00Z,841,994
2022-03-03T00:00:00Z,841,940
2022-03-03T00:00:00Z,841,229
2022-03-03T00:00:00Z,842,967
2022-03-03T00:00:00Z,843,205
2022-03-03T00:00:00Z,843,931
2022-03-03T00:00:00Z,844,1
2022-03-03T00:00:00Z,845,138
2022-03-03T00:00:00Z,845,71
2022-03-03T00:00:00Z,845,14
2022-03-03T00:00:00Z,846,363
2022-03-03T00:00:00Z,847,651
2022-03-03T00:00:00Z,847,825
2022-03-03T00:00:00Z,848,542
2022-03-03T00:00:00Z,848,944
2022-03-03T00:00:00Z,848,784
2022-03-03T00:00:00Z,848,586
2022-03-03T00:00:00Z,848,899
2022-03-03T00:00:00Z,848,515
2022-03-03T00:00:00Z,850,282
2022-03-03T00:00:00Z,851,949
2022-03-03T00:00:00Z,851,954
2022-03-03T00:00:00Z,851,379
2022-03-03T00:00:00Z,851,801
2022-03-03T00:00:00Z,852,484
2022-03-03T00:00:00Z,853,584
2022-03-03T00:00:00Z,854,17
2022-03-03T00:00:00Z,855,760
2022-03-03T00:00:00Z,857,140
2022-03-03T00:00:00Z,857,921
2022-03-03T00:00:00Z,860,815
2022-03-03T00:00:00Z,861,929
2022-03-03T00:00:00Z,861,561
2022-03-03T00:00:00Z,861,994
2022-03-03T00:00:00Z,861,333
2022-03-03T00:00:00Z,862,898
2022-03-03T00:00:00Z,863,906
2022-03-03T00:00:00Z,863,835
2022-03-03T00:00:00Z,864,480
2022-03-03T00:00:00Z,865,903
2022-03-03T00:00:00Z,866,759
2022-03-03T00:00:00Z,867,756
2022-03-03T00:00:00Z,869,304
2022-03-03T00:00:00Z,869,195
2022-03-03T00:00:00Z,870,799
2022-03-03T00:00:00Z,873,286
2022-03-03T00:00:00Z,874,413
2022-03-03T00:00:00Z,878,990
2022-03-03T00:00:00Z,878,943
2022-03-03T00:00:00Z,880,944
2022-03-03T00:00:00Z,881,46
2022-03-03T00:00:00Z,881,962
2022-03-03T00:00:00Z,881,766
2022-03-03T00:00:00Z,884,230
2022-03-03T00:00:00Z,886,900
2022-03-03T00:00:00Z,887,200
2022-03-03T00:00:00Z,888,981
2022-03-03T00:00:00Z,888,962
2022-03-03T00:00:00Z,889,48
2022-03-03T00:00:00Z,889,934
2022-03-03T00:00:00Z,890,677
2022-03-03T00:00:00Z,890,531
2022-03-03T00:00:00Z,890,996
2022-03-03T00:00:00Z,890,520
2022-03-03T00:00:00Z,890,53
2022-03-03T00:00:00Z,891,542
2022-03-03T00:00:00Z,891,586
2022-03-03T00:00:00Z,893,951
2022-03-03T00:00:00Z,894,978
2022-03-03T00:00:00Z,894,898
2022-03-03T00:00:00Z,894,783
2022-03-03T00:00:00Z,894,339
2022-03-03T00:00:00Z,894,329
2022-03-03T00:00:00Z,895,83
2022-03-03T00:00:00Z,895,899
2022-03-03T00:00:00Z,898,978
2022-03-03T00:00:00Z,898,862
2022-03-03T00:00:00Z,898,894
2022-03-03T00:00:00Z,899,710
2022-03-03T00:00:00Z,899,784
2022-03-03T00:00:00Z,899,848
2022-03-03T00:00:00Z,899,895
2022-03-03T00:00:00Z,899,676
2022-03-03T00:00:00Z,900,886
2022-03-03T00:00:00Z,903,865
2022-03-03T00:00:00Z,903,173
2022-03-03T00:00:00Z,905,772
2022-03-03T00:00:00Z,906,21
2022-03-03T00:00:00Z,906,863
2022-03-03T00:00:00Z,906,835
2022-03-03T00:00:00Z,907,813
2022-03-03T00:00:00Z,908,597
2022-03-03T00:00:00Z,908,211
2022-03-03T00:00:00Z,908,618
2022-03-03T00:00:00Z,908,835
2022-03-03T00:00:00Z,909,477
2022-03-03T00:00:00Z,910,804
2022-03-03T00:00:00Z,912,334
2022-03-03T00:00:00Z,913,70
2022-03-03T00:00:00Z,914,175
2022-03-03T00:00:00Z,915,276
2022-03-03T00:00:00Z,915,994
2022-03-03T00:00:00Z,915,940
2022-03-03T00:00:00Z,915,789
2022-03-03T00:00:00Z,915,606
2022-03-03T00:00:00Z,915,729
2022-03-03T00:00:00Z,915,593
2022-03-03T00:00:00Z,917,608
2022-03-03T00:00:00Z,917,967
2022-03-03T00:00:00Z,917,921
2022-03-03T00:00:00Z,917,788
2022-03-03T00:00:00Z,918,81
2022-03-03T00:00:00Z,918,13
2022-03-03T00:00:00Z,919,134
2022-03-03T00:00:00Z,919,503
2022-03-03T00:00:00Z,919,331
2022-03-03T00:00:00Z,920,939
2022-03-03T00:00:00Z,921,967
2022-03-03T00:00:00Z,921,140
2022-03-03T00:00:00Z,921,857
2022-03-03T00:00:00Z,921,917
2022-03-03T00:00:00Z,922,314
2022-03-03T00:00:00Z,922,397
2022-03-03T00:00:00Z,922,381
2022-03-03T00:00:00Z,926,21
2022-03-03T00:00:00Z,926,417
2022-03-03T00:00:00Z,926,948
2022-03-03T00:00:00Z,926,357
2022-03-03T00:00:00Z,926,927
2022-03-03T00:00:00Z,926,348
2022-03-03T00:00:00Z,926,349
2022-03-03T00:00:00Z,926,1009
2022-03-03T00:00:00Z,926,450
2022-03-03T00:00:00Z,926,930
2022-03-03T00:00:00Z,926,752
2022-03-03T00:00:00Z,926,492
2022-03-03T00:00:00Z,927,408
2022-03-03T00:00:00Z,927,926
2022-03-03T00:00:00Z,927,930
2022-03-03T00:00:00Z,927,752
2022-03-03T00:00:00Z,927,984
2022-03-03T00:00:00Z,927,162
2022-03-03T00:00:00Z,928,941
2022-03-03T00:00:00Z,929,561
2022-03-03T00:00:00Z,929,861
2022-03-03T00:00:00Z,929,994
2022-03-03T00:00:00Z,929,333
2022-03-03T00:00:00Z,930,21
2022-03-03T00:00:00Z,930,417
2022-03-03T00:00:00Z,930,948
2022-03-03T00:00:00Z,930,357
2022-03-03T00:00:00Z,930,926
2022-03-03T00:00:00Z,930,927
2022-03-03T00:00:00Z,930,235
2022-03-03T00:00:00Z,930,997
2022-03-03T00:00:00Z,930,752
2022-03-03T00:00:00Z,931,205
2022-03-03T00:00:00Z,931,843
2022-03-03T00:00:00Z,934,889
2022-03-03T00:00:00Z,935,160
2022-03-03T00:00:00Z,935,1007
2022-03-03T00:00:00Z,935,391
2022-03-03T00:00:00Z,935,290
2022-03-03T00:00:00Z,936,481
2022-03-03T00:00:00Z,936,58
2022-03-03T00:00:00Z,938,160
2022-03-03T00:00:00Z,938,391
2022-03-03T00:00:00Z,939,340
2022-03-03T00:00:00Z,939,998
2022-03-03T00:00:00Z,939,920
2022-03-03T00:00:00Z,939,758
2022-03-03T00:00:00Z,940,946
2022-03-03T00:00:00Z,940,276
2022-03-03T00:00:00Z,940,841
2022-03-03T00:00:00Z,940,994
2022-03-03T00:00:00Z,940,915
2022-03-03T00:00:00Z,941,928
2022-03-03T00:00:00Z,943,990
2022-03-03T00:00:00Z,943,878
2022-03-03T00:00:00Z,944,880
2022-03-03T00:00:00Z,944,56
2022-03-03T00:00:00Z,944,848
2022-03-03T00:00:00Z,945,698
2022-03-03T00:00:00Z,945,585
2022-03-03T00:00:00Z,946,940
2022-03-03T00:00:00Z,947,771
2022-03-03T00:00:00Z,947,328
2022-03-03T00:00:00Z,948,21
2022-03-03T00:00:00Z,948,417
2022-03-03T00:00:00Z,948,357
2022-03-03T00:00:00Z,948,926
2022-03-03T00:00:00Z,948,60
2022-03-03T00:00:00Z,948,930
2022-03-03T00:00:00Z,948,732
2022-03-03T00:00:00Z,949,724
2022-03-03T00:00:00Z,949,851
2022-03-03T00:00:00Z,949,954
2022-03-03T00:00:00Z,949,801
2022-03-03T00:00:00Z,950,814
2022-03-03T00:00:00Z,951,893
2022-03-03T00:00:00Z,951,809
2022-03-03T00:00:00Z,953,75
2022-03-03T00:00:00Z,954,851
2022-03-03T00:00:00Z,954,949
2022-03-03T00:00:00Z,955,226
2022-03-03T00:00:00Z,956,721
2022-03-03T00:00:00Z,956,243
2022-03-03T00:00:00Z,958,55
2022-03-03T00:00:00Z,958,983
2022-03-03T00:00:00Z,959,814
2022-03-03T00:00:00Z,960,616
2022-03-03T00:00:00Z,960,695
2022-03-03T00:00:00Z,960,689
2022-03-03T00:00:00Z,961,965
2022-03-03T00:00:00Z,961,963
2022-03-03T00:00:00Z,961,210
2022-03-03T00:00:00Z,961,231
2022-03-03T00:00:00Z,961,966
2022-03-03T00:00:00Z,962,888
2022-03-03T00:00:00Z,962,881
2022-03-03T00:00:00Z,962,766
2022-03-03T00:00:00Z,963,965
2022-03-03T00:00:00Z,963,283
2022-03-03T00:00:00Z,963,961
2022-03-03T00:00:00Z,963,966
2022-03-03T00:00:00Z,965,963
2022-03-03T00:00:00Z,965,961
2022-03-03T00:00:00Z,965,966
2022-03-03T00:00:00Z,966,965
2022-03-03T00:00:00Z,966,963
2022-03-03T00:00:00Z,966,961
2022-03-03T00:00:00Z,966,540
2022-03-03T00:00:00Z,967,842
2022-03-03T00:00:00Z,967,921
2022-03-03T00:00:00Z,967,917
2022-03-03T00:00:00Z,970,588
2022-03-03T00:00:00Z,971,317
2022-03-03T00:00:00Z,974,770
2022-03-03T00:00:00Z,974,151
2022-03-03T00:00:00Z,976,291
2022-03-03T00:00:00Z,976,396
2022-03-03T00:00:00Z,976,271
2022-03-03T00:00:00Z,977,979
2022-03-03T00:00:00Z,978,898
2022-03-03T00:00:00Z,978,783
2022-03-03T00:00:00Z,978,894
2022-03-03T00:00:00Z,979,977
2022-03-03T00:00:00Z,980,347
2022-03-03T00:00:00Z,980,552
2022-03-03T00:00:00Z,980,265
2022-03-03T00:00:00Z,981,109
2022-03-03T00:00:00Z,981,888
2022-03-03T00:00:00Z,983,55
2022-03-03T00:00:00Z,983,958
2022-03-03T00:00:00Z,984,408
2022-03-03T00:00:00Z,984,927
2022-03-03T00:00:00Z,984,752
2022-03-03T00:00:00Z,984,448
2022-03-03T00:00:00Z,984,409
2022-03-03T00:00:00Z,985,22
2022-03-03T00:00:00Z,985,91
2022-03-03T00:00:00Z,987,88
2022-03-03T00:00:00Z,989,566
2022-03-03T00:00:00Z,989,831
2022-03-03T00:00:00Z,990,943
2022-03-03T00:00:00Z,990,878
2022-03-03T00:00:00Z,991,529
2022-03-03T00:00:00Z,991,573
2022-03-03T00:00:00Z,991,530
2022-03-03T00:00:00Z,991,65
2022-03-03T00:00:00Z,992,803
2022-03-03T00:00:00Z,992,288
2022-03-03T00:00:00Z,993,172
2022-03-03T00:00:00Z,994,929
2022-03-03T00:00:00Z,994,841
2022-03-03T00:00:00Z,994,861
2022-03-03T00:00:00Z,994,915
2022-03-03T00:00:00Z,994,940
2022-03-03T00:00:00Z,994,789
2022-03-03T00:00:00Z,995,1006
2022-03-03T00:00:00Z,996,890
2022-03-03T00:00:00Z,996,53
2022-03-03T00:00:00Z,997,60
2022-03-03T00:00:00Z,997,930
2022-03-03T00:00:00Z,998,340
2022-03-03T00:00:00Z,998,939
2022-03-03T00:00:00Z,999,305
2022-03-03T00:00:00Z,1000,96
2022-03-03T00:00:00Z,1001,114
2022-03-03T00:00:00Z,1001,68
2022-03-03T00:00:00Z,1002,441
2022-03-03T00:00:00Z,1002,502
2022-03-03T00:00:00Z,1005,763
2022-03-03T00:00:00Z,1005,1007
2022-03-03T00:00:00Z,1006,995
2022-03-03T00:00:00Z,1006,762
2022-03-03T00:00:00Z,1007,1005
2022-03-03T00:00:00Z,1007,763
2022-03-03T00:00:00Z,1007,935
2022-03-03T00:00:00Z,1009,417
2022-03-03T00:00:00Z,1009,926
2022-03-03T00:00:00Z,1009,348
2022-03-03T00:00:00Z,1009,447
2022-03-03T00:00:00Z,1009,349
2022-03-03T00:00:00Z,1009,323
2022-03-03T00:00:00Z,1009,492
2022-03-03T00:00:00Z,1010,495
2022-03-03T00:00:00Z,1010,540
